Transaction_Amount,Timestamp,Geo_Location,IP_Address,Merchant_MCC,Account_CurrentBalance,Client_IBAN,Counterparty_IBAN,Transaction_Type
"12554,38",2024-01-01 06:50:00,"Frankfurt, Germany (50.1109, 8.6821)",19.145.70.17,5992,"154096,31",DE85538483994235988126,DE98525832950016740395,INTERNAL_TRANSFER
"5030,15",2024-01-01 08:59:00,"Hong Kong (22.3193, 114.1694)",30.166.191.141,5975,"90574,61",DE71936767910116526716,DE88295498411142177571,WIRE_TRANSFER
"13954,79",2024-01-01 09:17:00,"Hong Kong (22.3193, 114.1694)",23.59.46.47,7999,"104656,24",DE34658912085920893419,DE62458731926211764545,BILL_PAYMENT
"523,23",2024-01-01 11:11:00,"New York, USA (40.7128, -74.0060)",35.51.192.200,5812,"26913,54",DE85863193008687593586,DE61076526144982519826,CARD_PAYMENT
"12279,81",2024-01-01 12:03:00,"Dubai, UAE (25.2048, 55.2708)",52.106.131.76,5912,"64976,65",DE62695986758587422675,DE29573532540948934521,BILL_PAYMENT
"3287,16",2024-01-01 14:53:00,"Panama City, Panama (8.9824, -79.5199)",251.96.215.179,7996,"187586,52",DE22965687203229836394,DE51490111373988265135,BILL_PAYMENT
"11481,26",2024-01-01 18:11:00,"Frankfurt, Germany (50.1109, 8.6821)",224.163.179.29,5971,"42968,37",DE29681775483909919426,DE50923048645848773451,CARD_PAYMENT
"7839,79",2024-01-02 01:17:00,"Nassau, Bahamas (25.0343, -77.3963)",2.192.136.239,6010,"3424,4",DE90560471705949841936,DE12998142403927449957,CARD_PAYMENT
"7536,07",2024-01-02 21:08:00,"Toronto, Canada (43.6532, -79.3832)",119.140.198.206,7802,"112597,87",DE49541338466289641717,DE98525832950016740395,SEPA
"12682,28",2024-01-03 05:05:00,"Toronto, Canada (43.6532, -79.3832)",57.123.235.157,6529,"33759,49",DE58847528925395882749,DE80424971056387621024,SEPA
"5143,08",2024-01-03 06:51:00,"London, UK (51.5074, -0.1278)",3.16.149.150,7534,"36118,45",DE09288082463081273872,DE49541338466289641717,BILL_PAYMENT
"1246,96",2024-01-03 17:54:00,"Sydney, Australia (-33.8688, 151.2093)",246.175.187.48,5912,"23859,18",DE80602276804025016525,DE26483789595122698071,BILL_PAYMENT
"5075,81",2024-01-03 21:28:00,"Hong Kong (22.3193, 114.1694)",249.195.144.178,5970,"15864,27",DE41303789475622403641,DE05603506140323737820,ACH
"11194,47",2024-01-03 23:29:00,"Sao Paulo, Brazil (-23.5505, -46.6333)",32.62.123.202,5921,"43484,89",DE13702202126332296617,DE19557991819934999805,CARD_PAYMENT
"7216,89",2024-01-04 02:20:00,"Frankfurt, Germany (50.1109, 8.6821)",207.50.224.201,5976,"177169,97",DE03604977575166816091,DE19958511387882217846,SEPA
"13264,52",2024-01-04 07:27:00,"Dubai, UAE (25.2048, 55.2708)",211.57.251.44,7033,"144296,56",DE13702202126332296617,DE88295498411142177571,BILL_PAYMENT
"694,75",2024-01-04 16:43:00,"Sao Paulo, Brazil (-23.5505, -46.6333)",31.35.180.216,5970,"94104,93",DE03604977575166816091,DE45611004522774697669,WIRE_TRANSFER
"11575,8",2024-01-05 00:40:00,"Singapore (1.3521, 103.8198)",249.103.108.38,8999,"170447,73",DE50923048645848773451,DE61076526144982519826,BILL_PAYMENT
"3737,62",2024-01-05 14:08:00,"Sao Paulo, Brazil (-23.5505, -46.6333)",237.109.18.76,5814,"162111,88",DE37162309896449967341,DE29681775483909919426,INTERNAL_TRANSFER
"393,54",2024-01-05 15:38:00,"London, UK (51.5074, -0.1278)",16.189.27.1,5940,"21166,01",DE85863193008687593586,DE49836894055884547461,CARD_PAYMENT
"10374,18",2024-01-05 19:44:00,"Sao Paulo, Brazil (-23.5505, -46.6333)",130.149.66.77,6530,"108441,16",DE38530636463083929906,DE57477964938936656315,BILL_PAYMENT
"7942,53",2024-01-06 08:39:00,"Toronto, Canada (43.6532, -79.3832)",127.114.33.51,5948,"5358,76",DE29916768580065674646,DE34486200442637789135,SEPA
"9631,2",2024-01-06 10:45:00,"Panama City, Panama (8.9824, -79.5199)",1.47.234.163,6012,"135010,62",DE13702202126332296617,DE68378313878394495870,SWIFT
"14494,66",2024-01-06 11:40:00,"New York, USA (40.7128, -74.0060)",191.23.49.30,5967,"196785,58",DE34658912085920893419,DE58313678796352621837,BILL_PAYMENT
"5437,14",2024-01-06 12:14:00,"Sao Paulo, Brazil (-23.5505, -46.6333)",16.155.146.200,7538,"127282,82",DE41303789475622403641,DE98525832950016740395,WIRE_TRANSFER
"28080,48",2024-01-06 14:00:00,"Sao Paulo, Brazil (-23.5505, -46.6333)",169.68.255.2,6010,"10022,23",DE98525832950016740395,DE44572961937397155013,WIRE_TRANSFER
"10845,75",2024-01-06 15:57:00,"Hong Kong (22.3193, 114.1694)",91.54.235.149,5970,"53257,05",DE73891036937066178619,DE19557991819934999805,SEPA
"42859,61",2024-01-06 21:00:00,"Hong Kong (22.3193, 114.1694)",34.91.165.182,6010,"24607,68",DE98525832950016740395,DE62458731926211764545,WIRE_TRANSFER
"1229,72",2024-01-06 23:20:00,"Mumbai, India (19.0760, 72.8777)",110.243.51.188,5945,"133128,73",DE95220236281353745430,DE33105707422805287356,SWIFT
"4418,74",2024-01-07 00:44:00,"Cyprus (35.1264, 33.4299)",247.231.219.247,7032,"186151,97",DE05603506140323737820,DE80424971056387621024,WIRE_TRANSFER
"13908,71",2024-01-07 08:05:00,"Cyprus (35.1264, 33.4299)",32.54.72.73,7622,"4705,33",DE80602276804025016525,DE51490111373988265135,SWIFT
"1845,77",2024-01-07 11:13:00,"Frankfurt, Germany (50.1109, 8.6821)",109.57.39.5,5912,"6913,26",DE85863193008687593586,DE38736535270957763063,CARD_PAYMENT
"32190,97",2024-01-07 12:00:00,"Panama City, Panama (8.9824, -79.5199)",100.213.160.248,6010,"28309,55",DE98525832950016740395,DE50923048645848773451,WIRE_TRANSFER
"13868,22",2024-01-07 13:41:00,"Hong Kong (22.3193, 114.1694)",185.36.190.242,7542,"28215,84",DE61076526144982519826,DE22965687203229836394,ACH
"46078,5",2024-01-07 15:00:00,"Dubai, UAE (25.2048, 55.2708)",203.183.37.201,6010,"17921,7",DE98525832950016740395,DE29573532540948934521,WIRE_TRANSFER
"2383,79",2024-01-07 16:29:00,"Panama City, Panama (8.9824, -79.5199)",171.14.132.25,6211,"104437,06",DE71936767910116526716,DE22965687203229836394,INTERNAL_TRANSFER
"4631,78",2024-01-07 20:51:00,"Hong Kong (22.3193, 114.1694)",14.2.24.198,5970,"13296,66",DE90845404873875030990,DE38736535270957763063,BILL_PAYMENT
"41832,47",2024-01-08 00:00:00,"Cyprus (35.1264, 33.4299)",165.32.23.180,6010,"23535,76",DE98525832950016740395,DE57477964938936656315,WIRE_TRANSFER
"11242,1",2024-01-08 08:05:00,"Tokyo, Japan (35.6762, 139.6503)",135.56.33.108,5813,"68952,43",DE77225941535543165270,DE02200265582329718478,BILL_PAYMENT
"9981,31",2024-01-08 09:43:00,"Nassau, Bahamas (25.0343, -77.3963)",183.203.39.77,6010,"106669,59",DE13702202126332296617,DE55423440463190800785,SWIFT
"6073,76",2024-01-08 13:13:00,"Toronto, Canada (43.6532, -79.3832)",152.210.147.69,7999,"157140,94",DE09288082463081273872,DE06366888337780069974,BILL_PAYMENT
"34373,95",2024-01-08 14:00:00,"Panama City, Panama (8.9824, -79.5199)",125.22.151.230,6010,"12910,11",DE98525832950016740395,DE55423440463190800785,WIRE_TRANSFER
"14364,05",2024-01-09 00:47:00,"New York, USA (40.7128, -74.0060)",227.61.12.113,7033,"139942,38",DE71724337750016626442,DE17868765643312942108,SWIFT
"7133,66",2024-01-09 01:26:00,"Sydney, Australia (-33.8688, 151.2093)",185.67.70.130,7622,"36030,71",DE38833058879675121705,DE34658912085920893419,WIRE_TRANSFER
"4776,09",2024-01-09 03:09:00,"Cyprus (35.1264, 33.4299)",110.125.23.196,5970,"178987,44",DE09288082463081273872,DE72900602653954607867,SEPA
2068,2024-01-09 04:04:00,"Dubai, UAE (25.2048, 55.2708)",193.6.51.97,6538,"28452,82",DE77164798701236531933,DE14720138926395919192,ACH
"10597,57",2024-01-09 05:01:00,"Hong Kong (22.3193, 114.1694)",17.181.33.245,7801,"154769,47",DE63666125292227339721,DE13702202126332296617,ACH
"9359,96",2024-01-09 07:34:00,"Panama City, Panama (8.9824, -79.5199)",43.71.105.209,6010,"107007,43",DE13702202126332296617,DE68378313878394495870,SWIFT
"41020,96",2024-01-09 11:00:00,"Singapore (1.3521, 103.8198)",35.169.245.119,6010,"14096,64",DE98525832950016740395,DE71757503098830890407,WIRE_TRANSFER
"4024,04",2024-01-09 14:01:00,"Paris, France (48.8566, 2.3522)",235.108.210.16,5967,"70852,1",DE12998142403927449957,DE14846907231557108629,BILL_PAYMENT
"1259,88",2024-01-09 14:13:00,"Panama City, Panama (8.9824, -79.5199)",14.250.117.210,7534,"111034,82",DE64733442149696350245,DE87022351267045424956,WIRE_TRANSFER
"33596,29",2024-01-09 20:00:00,"Mumbai, India (19.0760, 72.8777)",218.72.82.48,6010,"10538,14",DE98525832950016740395,DE33105707422805287356,WIRE_TRANSFER
"5972,77",2024-01-10 01:03:00,"Dubai, UAE (25.2048, 55.2708)",110.30.37.140,5992,21243,DE38833058879675121705,DE71757503098830890407,SWIFT
"12931,65",2024-01-10 02:02:00,"Singapore (1.3521, 103.8198)",111.254.103.155,6531,"175831,66",DE01956184854410948406,DE33105707422805287356,BILL_PAYMENT
"9346,95",2024-01-10 02:32:00,"Nassau, Bahamas (25.0343, -77.3963)",231.15.171.207,6011,"56387,2",DE13702202126332296617,DE90845404873875030990,WIRE_TRANSFER
"9225,5",2024-01-10 03:08:00,"Paris, France (48.8566, 2.3522)",189.251.43.116,7996,"178769,47",DE90845404873875030990,DE49836894055884547461,CARD_PAYMENT
"8443,71",2024-01-10 09:32:00,"Panama City, Panama (8.9824, -79.5199)",86.132.201.176,5976,"103450,79",DE76101837512445132435,DE55423440463190800785,SWIFT
"1029,68",2024-01-10 12:03:00,"Dubai, UAE (25.2048, 55.2708)",89.12.156.44,5814,"49557,16",DE80602276804025016525,DE32676174774956686104,ACH
"33822,45",2024-01-10 15:00:00,"Hong Kong (22.3193, 114.1694)",203.246.3.129,6010,"25532,58",DE98525832950016740395,DE19958511387882217846,WIRE_TRANSFER
"41566,96",2024-01-10 16:00:00,"Frankfurt, Germany (50.1109, 8.6821)",36.228.81.46,6010,"10572,48",DE98525832950016740395,DE60898660982173308541,WIRE_TRANSFER
"12786,66",2024-01-10 17:38:00,"Dubai, UAE (25.2048, 55.2708)",42.198.206.73,7513,"87527,37",DE13702202126332296617,DE29573532540948934521,BILL_PAYMENT
"10998,35",2024-01-11 02:59:00,"Paris, France (48.8566, 2.3522)",217.26.241.169,5992,"68380,2",DE19560397578096463876,DE02200265582329718478,WIRE_TRANSFER
"2706,94",2024-01-11 13:26:00,"Hong Kong (22.3193, 114.1694)",117.7.85.31,5948,"146715,28",DE19560397578096463876,DE29573532540948934521,INTERNAL_TRANSFER
"30414,84",2024-01-11 15:00:00,"Nassau, Bahamas (25.0343, -77.3963)",44.112.210.154,6010,"26870,61",DE98525832950016740395,DE62458731926211764545,WIRE_TRANSFER
"38245,41",2024-01-11 15:00:00,"Tokyo, Japan (35.6762, 139.6503)",203.195.179.151,6010,"9467,99",DE98525832950016740395,DE06217435224929418484,WIRE_TRANSFER
"5040,86",2024-01-11 17:54:00,"New York, USA (40.7128, -74.0060)",81.60.235.125,7531,"166704,45",DE19560397578096463876,DE62695986758587422675,WIRE_TRANSFER
"13950,95",2024-01-12 03:40:00,"Toronto, Canada (43.6532, -79.3832)",102.157.3.253,7531,"134593,64",DE98081467947140449034,DE58847528925395882749,WIRE_TRANSFER
"14624,35",2024-01-12 05:57:00,"Toronto, Canada (43.6532, -79.3832)",145.219.30.33,5964,"154352,28",DE22965687203229836394,DE63666125292227339721,CARD_PAYMENT
"10888,06",2024-01-12 09:00:00,"Singapore (1.3521, 103.8198)",250.66.49.85,6530,"47898,21",DE58313678796352621837,DE67929625670649276366,SWIFT
"3719,11",2024-01-12 12:54:00,"Sao Paulo, Brazil (-23.5505, -46.6333)",111.199.12.243,5983,"133562,5",DE36691670073356693755,DE33105707422805287356,SEPA
"9346,63",2024-01-12 14:34:00,"Hong Kong (22.3193, 114.1694)",152.11.215.238,5966,"118710,35",DE85863193008687593586,DE10228319081121600723,WIRE_TRANSFER
"1830,08",2024-01-12 15:44:00,"Singapore (1.3521, 103.8198)",170.39.249.30,5940,"19642,01",DE85863193008687593586,DE14720138926395919192,SEPA
"12053,14",2024-01-12 16:23:00,"Sydney, Australia (-33.8688, 151.2093)",103.51.181.93,5964,"73077,1",DE64733442149696350245,DE22452842572396451235,WIRE_TRANSFER
"13977,25",2024-01-12 16:34:00,"Paris, France (48.8566, 2.3522)",203.56.92.189,7012,"142149,23",DE13683629854339459654,DE19557991819934999805,SEPA
"1174,86",2024-01-12 17:49:00,"Tokyo, Japan (35.6762, 139.6503)",170.128.40.54,5812,"9299,92",DE80602276804025016525,DE17868765643312942108,CARD_PAYMENT
"11356,28",2024-01-12 21:41:00,"Singapore (1.3521, 103.8198)",165.102.144.83,7012,"147734,16",DE38833058879675121705,DE68378313878394495870,SWIFT
"11251,66",2024-01-13 02:51:00,"Panama City, Panama (8.9824, -79.5199)",160.51.227.129,7801,"63562,45",DE80602276804025016525,DE71724337750016626442,ACH
"1128,7",2024-01-13 04:06:00,"Frankfurt, Germany (50.1109, 8.6821)",222.53.168.158,5813,"66032,57",DE51490111373988265135,DE68378313878394495870,SWIFT
"908,9",2024-01-13 12:43:00,"Singapore (1.3521, 103.8198)",242.4.34.100,5814,"46079,1",DE80602276804025016525,DE10228319081121600723,CARD_PAYMENT
"543,96",2024-01-13 13:23:00,"New York, USA (40.7128, -74.0060)",113.98.10.177,5912,"11062,95",DE80602276804025016525,DE12998142403927449957,SEPA
"8116,92",2024-01-13 21:10:00,"Mumbai, India (19.0760, 72.8777)",245.217.103.72,5948,"178538,44",DE44572961937397155013,DE26483789595122698071,WIRE_TRANSFER
"9293,87",2024-01-14 06:31:00,"Panama City, Panama (8.9824, -79.5199)",110.46.48.1,6010,"63269,98",DE13702202126332296617,DE22539176725448936679,SWIFT
"925,88",2024-01-14 11:41:00,"Frankfurt, Germany (50.1109, 8.6821)",253.136.118.153,5812,"6173,8",DE80602276804025016525,DE19958511387882217846,SEPA
"14235,59",2024-01-14 12:21:00,"Sydney, Australia (-33.8688, 151.2093)",91.202.179.206,5462,"98732,18",DE09288082463081273872,DE62695986758587422675,ACH
"11712,31",2024-01-14 22:31:00,"Sao Paulo, Brazil (-23.5505, -46.6333)",27.198.79.195,5944,"189104,13",DE22965687203229836394,DE06217435224929418484,WIRE_TRANSFER
"455,22",2024-01-15 07:23:00,"Cyprus (35.1264, 33.4299)",219.160.99.82,5941,185974,DE05278047050555135125,DE85863193008687593586,CARD_PAYMENT
"9742,57",2024-01-15 10:04:00,"Panama City, Panama (8.9824, -79.5199)",30.134.250.136,6012,"88863,93",DE13702202126332296617,DE58313678796352621837,WIRE_TRANSFER
"2783,02",2024-01-15 11:02:00,"Mumbai, India (19.0760, 72.8777)",144.48.159.54,6300,"99232,45",DE80602276804025016525,DE34658912085920893419,SWIFT
"87,2",2024-01-15 15:24:00,"Hong Kong (22.3193, 114.1694)",23.195.116.107,5812,"24190,92",DE80602276804025016525,DE55220896143564281342,BILL_PAYMENT
"3204,03",2024-01-16 00:02:00,"Singapore (1.3521, 103.8198)",145.155.124.119,5921,"50325,67",DE22965687203229836394,DE03604977575166816091,SEPA
"4712,32",2024-01-16 00:14:00,"New York, USA (40.7128, -74.0060)",54.86.81.126,7531,"31305,56",DE22965687203229836394,DE60898660982173308541,WIRE_TRANSFER
"4328,59",2024-01-16 00:17:00,"London, UK (51.5074, -0.1278)",102.166.141.134,6513,"69043,16",DE22965687203229836394,DE14846907231557108629,SEPA
"5406,92",2024-01-16 00:19:00,"Toronto, Canada (43.6532, -79.3832)",112.66.121.75,5994,"79440,6",DE22965687203229836394,DE44062980262195478104,SEPA
"6889,79",2024-01-16 00:23:00,"Singapore (1.3521, 103.8198)",47.58.205.103,7692,"33439,1",DE22965687203229836394,DE90560471705949841936,SEPA
"2585,62",2024-01-16 00:46:00,"Tokyo, Japan (35.6762, 139.6503)",33.132.93.243,7531,"79198,42",DE22965687203229836394,DE67929625670649276366,ACH
"6220,62",2024-01-16 00:51:00,"Singapore (1.3521, 103.8198)",76.82.20.141,6211,"77305,35",DE22965687203229836394,DE58847528925395882749,ACH
"6363,01",2024-01-16 00:58:00,"Paris, France (48.8566, 2.3522)",34.108.11.151,7534,"31984,96",DE22965687203229836394,DE41767259461962155099,ACH
"14699,13",2024-01-16 01:08:00,"Toronto, Canada (43.6532, -79.3832)",130.152.186.248,5961,"80071,87",DE05603506140323737820,DE13702202126332296617,WIRE_TRANSFER
"4949,72",2024-01-16 01:11:00,"Panama City, Panama (8.9824, -79.5199)",179.50.116.35,5945,"34516,29",DE22965687203229836394,DE85538483994235988126,ACH
"7035,33",2024-01-16 01:30:00,"Cyprus (35.1264, 33.4299)",217.88.90.61,6300,"42415,45",DE22965687203229836394,DE26989822734242596165,SEPA
"7763,12",2024-01-16 01:54:00,"Frankfurt, Germany (50.1109, 8.6821)",122.179.176.42,7542,"43829,15",DE22965687203229836394,DE38736535270957763063,WIRE_TRANSFER
"6488,47",2024-01-16 01:55:00,"Hong Kong (22.3193, 114.1694)",64.48.236.27,5983,"28917,88",DE22965687203229836394,DE50923048645848773451,ACH
"7798,91",2024-01-16 02:10:00,"Mumbai, India (19.0760, 72.8777)",215.191.144.77,6211,"70725,15",DE22965687203229836394,DE26989822734242596165,ACH
"6129,45",2024-01-16 02:12:00,"Hong Kong (22.3193, 114.1694)",159.48.221.170,5462,"20010,18",DE22965687203229836394,DE43898807398882718828,ACH
"2906,78",2024-01-16 02:24:00,"New York, USA (40.7128, -74.0060)",179.49.43.172,7997,"55702,86",DE22965687203229836394,DE67929625670649276366,ACH
"4019,37",2024-01-16 02:30:00,"London, UK (51.5074, -0.1278)",83.69.80.188,5962,"77784,78",DE22965687203229836394,DE05278047050555135125,ACH
"4605,2",2024-01-16 02:35:00,"Cyprus (35.1264, 33.4299)",14.51.169.53,5732,"47903,48",DE22965687203229836394,DE22539176725448936679,SEPA
"5883,67",2024-01-16 02:37:00,"Paris, France (48.8566, 2.3522)",128.210.245.16,5813,"76868,15",DE22965687203229836394,DE19560397578096463876,SEPA
"3827,59",2024-01-16 02:38:00,"Mumbai, India (19.0760, 72.8777)",131.105.233.244,6538,"57994,43",DE22965687203229836394,DE19557991819934999805,ACH
"7319,92",2024-01-16 02:43:00,"Sao Paulo, Brazil (-23.5505, -46.6333)",115.5.135.54,7523,"45879,4",DE22965687203229836394,DE63666125292227339721,WIRE_TRANSFER
"8756,98",2024-01-16 08:11:00,"Dubai, UAE (25.2048, 55.2708)",64.80.212.210,7535,"159522,34",DE13702202126332296617,DE13702202126332296617,CARD_PAYMENT
"7595,91",2024-01-16 11:04:00,"Nassau, Bahamas (25.0343, -77.3963)",119.13.37.164,7622,"43311,68",DE13702202126332296617,DE71936767910116526716,INTERNAL_TRANSFER
"3272,07",2024-01-16 13:01:00,"Toronto, Canada (43.6532, -79.3832)",102.44.253.43,7519,"138268,86",DE19560397578096463876,DE80424971056387621024,BILL_PAYMENT
"7774,14",2024-01-17 01:14:00,"Sao Paulo, Brazil (-23.5505, -46.6333)",138.118.64.62,5451,"172590,87",DE64733442149696350245,DE58313678796352621837,INTERNAL_TRANSFER
"13989,29",2024-01-17 09:39:00,"Cyprus (35.1264, 33.4299)",2.20.21.40,7033,"179783,87",DE80602276804025016525,DE90880800985574103868,BILL_PAYMENT
"9541,57",2024-01-17 11:03:00,"Panama City, Panama (8.9824, -79.5199)",103.35.238.222,6011,"81069,78",DE13702202126332296617,DE43898807398882718828,SWIFT
"4890,21",2024-01-17 12:18:00,"Paris, France (48.8566, 2.3522)",119.88.102.70,5967,"158028,82",DE90845404873875030990,DE71757503098830890407,SWIFT
"9595,72",2024-01-17 13:06:00,"Nassau, Bahamas (25.0343, -77.3963)",98.168.225.86,6011,"135950,85",DE13702202126332296617,DE34486200442637789135,WIRE_TRANSFER
"9662,26",2024-01-17 14:38:00,"Hong Kong (22.3193, 114.1694)",234.118.33.13,5950,"9236,35",DE13702202126332296617,DE29916768580065674646,SEPA
"605,88",2024-01-17 15:21:00,"Toronto, Canada (43.6532, -79.3832)",162.183.138.52,5814,"36149,47",DE85863193008687593586,DE29455927236237049902,BILL_PAYMENT
"4845,48",2024-01-18 00:41:00,"Singapore (1.3521, 103.8198)",222.210.111.11,7999,"16833,22",DE05603506140323737820,DE49836894055884547461,BILL_PAYMENT
"9975,94",2024-01-18 08:02:00,"New York, USA (40.7128, -74.0060)",13.190.193.36,7538,"86066,68",DE45611004522774697669,DE29916768580065674646,ACH
"12251,85",2024-01-18 12:09:00,"Panama City, Panama (8.9824, -79.5199)",219.232.195.231,7629,"110176,72",DE98769043821442294850,DE44572961937397155013,ACH
"8771,67",2024-01-18 12:50:00,"Frankfurt, Germany (50.1109, 8.6821)",44.185.156.237,5422,"121136,36",DE98525832950016740395,DE74880371318781446242,INTERNAL_TRANSFER
"1946,05",2024-01-18 13:08:00,"Sydney, Australia (-33.8688, 151.2093)",122.199.159.240,5814,"37770,67",DE80602276804025016525,DE37162309896449967341,CARD_PAYMENT
"761,9",2024-01-18 15:28:00,"Frankfurt, Germany (50.1109, 8.6821)",143.131.176.6,5912,"44031,59",DE80602276804025016525,DE95220236281353745430,ACH
"1497,14",2024-01-18 19:27:00,"Dubai, UAE (25.2048, 55.2708)",76.80.71.213,5968,"74796,99",DE13850611322279370660,DE43898807398882718828,ACH
"734,47",2024-01-19 03:05:00,"London, UK (51.5074, -0.1278)",250.101.123.152,7549,"184872,86",DE76101837512445132435,DE57477964938936656315,ACH
"12340,35",2024-01-19 03:22:00,"London, UK (51.5074, -0.1278)",145.108.2.135,5992,"64701,85",DE49836894055884547461,DE71936767910116526716,WIRE_TRANSFER
"8105,74",2024-01-19 06:19:00,"Frankfurt, Germany (50.1109, 8.6821)",245.35.167.223,5999,"83084,06",DE98525832950016740395,DE12998142403927449957,ACH
"3401,09",2024-01-19 07:42:00,"London, UK (51.5074, -0.1278)",48.154.168.182,5945,"149017,59",DE90845404873875030990,DE50923048645848773451,INTERNAL_TRANSFER
"1627,35",2024-01-19 09:31:00,"London, UK (51.5074, -0.1278)",14.135.59.14,5812,"26430,44",DE85863193008687593586,DE17868765643312942108,ACH
"9983,61",2024-01-19 09:53:00,"Paris, France (48.8566, 2.3522)",206.17.163.80,5992,"56544,58",DE76101837512445132435,DE13702202126332296617,ACH
"4110,55",2024-01-19 14:40:00,"Dubai, UAE (25.2048, 55.2708)",71.101.232.73,6533,"68780,26",DE34486200442637789135,DE67929625670649276366,WIRE_TRANSFER
"1819,17",2024-01-19 15:06:00,"London, UK (51.5074, -0.1278)",126.54.216.43,7513,"176719,26",DE37006276983513963593,DE63666125292227339721,BILL_PAYMENT
"1427,92",2024-01-19 17:34:00,"Sydney, Australia (-33.8688, 151.2093)",134.34.22.214,5812,"6407,32",DE80602276804025016525,DE38736535270957763063,SEPA
"13912,33",2024-01-19 19:46:00,"Mumbai, India (19.0760, 72.8777)",192.154.216.103,7801,"158072,62",DE14720138926395919192,DE57477964938936656315,INTERNAL_TRANSFER
"13252,7",2024-01-20 03:53:00,"Frankfurt, Germany (50.1109, 8.6821)",183.190.78.223,7801,"87125,35",DE64757475159078549044,DE90304741950521462460,ACH
"10918,88",2024-01-20 06:55:00,"Singapore (1.3521, 103.8198)",241.64.137.71,5962,"177900,99",DE85863193008687593586,DE85863193008687593586,SWIFT
"1132,08",2024-01-20 13:36:00,"Singapore (1.3521, 103.8198)",199.89.253.113,5411,"34559,79",DE80602276804025016525,DE58559534692073767730,BILL_PAYMENT
"2241,26",2024-01-20 19:23:00,"Toronto, Canada (43.6532, -79.3832)",210.227.15.160,7800,"19846,2",DE32676174774956686104,DE29573532540948934521,SWIFT
"9367,39",2024-01-20 22:12:00,"Panama City, Panama (8.9824, -79.5199)",19.229.245.150,6011,"142349,58",DE13702202126332296617,DE13850611322279370660,SWIFT
"436,89",2024-01-21 00:31:00,"Paris, France (48.8566, 2.3522)",7.169.14.228,5947,"43940,29",DE77653619723857283695,DE41767259461962155099,ACH
"9582,5",2024-01-21 01:33:00,"Nassau, Bahamas (25.0343, -77.3963)",65.181.136.204,6011,"145929,78",DE13702202126332296617,DE76101837512445132435,WIRE_TRANSFER
"10639,84",2024-01-21 06:48:00,"Dubai, UAE (25.2048, 55.2708)",163.188.29.167,7800,"61664,98",DE29573532540948934521,DE57477964938936656315,SEPA
"2520,53",2024-01-21 06:55:00,"Sao Paulo, Brazil (-23.5505, -46.6333)",238.178.12.24,5964,"8466,04",DE43898807398882718828,DE85863193008687593586,SWIFT
"2695,33",2024-01-21 12:08:00,"Sydney, Australia (-33.8688, 151.2093)",137.129.183.134,6211,"129045,36",DE22965687203229836394,DE95220236281353745430,WIRE_TRANSFER
"1281,56",2024-01-21 15:24:00,"New York, USA (40.7128, -74.0060)",41.108.37.40,7699,"23157,97",DE98769043821442294850,DE88295498411142177571,INTERNAL_TRANSFER
"6715,53",2024-01-22 00:37:00,"Sao Paulo, Brazil (-23.5505, -46.6333)",6.251.176.227,7012,"67569,81",DE10228319081121600723,DE51490111373988265135,CARD_PAYMENT
"8343,6",2024-01-22 10:41:00,"Singapore (1.3521, 103.8198)",79.136.213.32,6010,"27741,25",DE33098599620746915640,DE38530636463083929906,SWIFT
"759,23",2024-01-22 12:12:00,"Toronto, Canada (43.6532, -79.3832)",195.39.252.203,5912,"34794,2",DE85863193008687593586,DE85538483994235988126,BILL_PAYMENT
"14700,91",2024-01-22 13:03:00,"Dubai, UAE (25.2048, 55.2708)",205.151.214.103,7998,"32089,47",DE26989822734242596165,DE41303789475622403641,WIRE_TRANSFER
"1350,64",2024-01-22 13:58:00,"London, UK (51.5074, -0.1278)",177.147.218.156,5814,"30881,42",DE80602276804025016525,DE44572961937397155013,BILL_PAYMENT
"12649,03",2024-01-22 18:47:00,"Toronto, Canada (43.6532, -79.3832)",108.91.4.227,5944,"100676,26",DE55220896143564281342,DE12998142403927449957,ACH
"14421,61",2024-01-22 23:08:00,"Paris, France (48.8566, 2.3522)",78.152.200.227,5971,"697,68",DE90845404873875030990,DE49836894055884547461,CARD_PAYMENT
"9793,28",2024-01-23 00:54:00,"Cyprus (35.1264, 33.4299)",183.212.216.180,6011,"103656,48",DE13702202126332296617,DE50923048645848773451,WIRE_TRANSFER
"6301,63",2024-01-23 02:09:00,"London, UK (51.5074, -0.1278)",55.132.94.213,6533,"52634,26",DE19958511387882217846,DE90845404873875030990,INTERNAL_TRANSFER
"10307,51",2024-01-23 02:48:00,"Dubai, UAE (25.2048, 55.2708)",211.93.99.200,7641,"78769,09",DE14720138926395919192,DE32676174774956686104,SEPA
"11898,99",2024-01-23 05:54:00,"Frankfurt, Germany (50.1109, 8.6821)",67.255.157.123,7513,"98981,23",DE80602276804025016525,DE01956184854410948406,SEPA
"450,18",2024-01-23 06:57:00,"Frankfurt, Germany (50.1109, 8.6821)",232.135.191.3,6538,"16706,52",DE77653619723857283695,DE98081467947140449034,SEPA
"858,65",2024-01-23 08:19:00,"London, UK (51.5074, -0.1278)",97.135.187.55,5964,"194116,78",DE29916768580065674646,DE32676174774956686104,INTERNAL_TRANSFER
"7112,71",2024-01-23 08:56:00,"London, UK (51.5074, -0.1278)",1.250.126.121,5950,"71503,16",DE29681775483909919426,DE34486200442637789135,WIRE_TRANSFER
"9108,27",2024-01-23 10:52:00,"Nassau, Bahamas (25.0343, -77.3963)",36.126.141.166,6010,"110099,91",DE13702202126332296617,DE57477964938936656315,SWIFT
"1902,37",2024-01-23 11:18:00,"Paris, France (48.8566, 2.3522)",173.186.26.29,5912,"32861,01",DE85863193008687593586,DE10228319081121600723,BILL_PAYMENT
"911,53",2024-01-23 14:24:00,"Toronto, Canada (43.6532, -79.3832)",188.67.244.2,7995,"57677,72",DE80424971056387621024,DE71174668074201095952,SWIFT
"233,86",2024-01-23 16:09:00,"Frankfurt, Germany (50.1109, 8.6821)",162.195.27.79,5940,"29296,84",DE80602276804025016525,DE41303789475622403641,BILL_PAYMENT
"10713,38",2024-01-23 16:23:00,"Mumbai, India (19.0760, 72.8777)",127.105.7.12,7531,"50759,75",DE01956184854410948406,DE85863193008687593586,WIRE_TRANSFER
"5725,55",2024-01-24 00:41:00,"Cyprus (35.1264, 33.4299)",122.70.175.47,6051,"19483,46",DE80424971056387621024,DE14720138926395919192,INTERNAL_TRANSFER
"9441,62",2024-01-24 04:50:00,"Cyprus (35.1264, 33.4299)",79.227.184.195,6011,"58729,72",DE13702202126332296617,DE11825533331515937882,SWIFT
"488,33",2024-01-24 07:47:00,"Frankfurt, Germany (50.1109, 8.6821)",21.232.64.79,5983,"4149,14",DE73891036937066178619,DE90304741950521462460,BILL_PAYMENT
"14325,71",2024-01-24 13:09:00,"Tokyo, Japan (35.6762, 139.6503)",46.83.203.175,5921,"30162,41",DE19557991819934999805,DE98769043821442294850,CARD_PAYMENT
"9137,92",2024-01-25 09:46:00,"Frankfurt, Germany (50.1109, 8.6821)",200.138.252.111,7538,"390,98",DE55220896143564281342,DE34053408088654578486,CARD_PAYMENT
"6363,48",2024-01-25 11:19:00,"Paris, France (48.8566, 2.3522)",169.96.71.206,7534,"91006,64",DE58559534692073767730,DE77225941535543165270,SWIFT
"1358,6",2024-01-25 14:00:00,"Paris, France (48.8566, 2.3522)",158.155.113.60,7512,"490,8",DE29681775483909919426,DE05278047050555135125,SEPA
"11351,42",2024-01-25 17:45:00,"Mumbai, India (19.0760, 72.8777)",251.20.41.150,7538,"51581,96",DE06366888337780069974,DE19958511387882217846,WIRE_TRANSFER
"10984,9",2024-01-25 20:01:00,"Toronto, Canada (43.6532, -79.3832)",243.11.166.157,5961,"49048,2",DE50923048645848773451,DE19958511387882217846,INTERNAL_TRANSFER
"1909,29",2024-01-26 02:37:00,"Frankfurt, Germany (50.1109, 8.6821)",134.196.169.148,5968,"191076,49",DE85863193008687593586,DE41767259461962155099,INTERNAL_TRANSFER
"4795,58",2024-01-26 08:32:00,"Cyprus (35.1264, 33.4299)",20.217.31.179,7997,"59884,88",DE46848731919879983705,DE41767259461962155099,ACH
"6346,23",2024-01-26 08:55:00,"Nassau, Bahamas (25.0343, -77.3963)",157.221.79.210,5945,"77026,72",DE10228319081121600723,DE71936767910116526716,SWIFT
"9583,84",2024-01-26 11:44:00,"Cyprus (35.1264, 33.4299)",90.159.175.117,6010,"84830,03",DE13702202126332296617,DE14720138926395919192,SWIFT
"6557,76",2024-01-26 21:51:00,"Panama City, Panama (8.9824, -79.5199)",39.40.180.150,5814,"63401,52",DE95220236281353745430,DE32676174774956686104,ACH
"9480,81",2024-01-26 23:10:00,"Hong Kong (22.3193, 114.1694)",84.91.138.63,6012,"127036,45",DE38530636463083929906,DE14720138926395919192,INTERNAL_TRANSFER
"2882,95",2024-01-27 05:53:00,"New York, USA (40.7128, -74.0060)",208.90.41.173,5944,"56527,17",DE60898660982173308541,DE19560397578096463876,BILL_PAYMENT
"13167,18",2024-01-27 06:20:00,"Singapore (1.3521, 103.8198)",246.12.124.166,5993,"28412,64",DE33098599620746915640,DE45611004522774697669,SEPA
"7486,87",2024-01-27 07:09:00,"Tokyo, Japan (35.6762, 139.6503)",146.6.116.190,7699,"152359,93",DE02200265582329718478,DE63666125292227339721,SEPA
"1665,84",2024-01-27 09:03:00,"Tokyo, Japan (35.6762, 139.6503)",23.172.221.216,7622,"4737,5",DE33105707422805287356,DE36691670073356693755,SEPA
"3017,73",2024-01-27 23:20:00,"New York, USA (40.7128, -74.0060)",165.28.200.98,7641,"109161,95",DE41303789475622403641,DE13683629854339459654,WIRE_TRANSFER
"13618,82",2024-01-28 09:35:00,"Sao Paulo, Brazil (-23.5505, -46.6333)",167.124.70.169,5950,"153321,55",DE95220236281353745430,DE90560471705949841936,BILL_PAYMENT
"2693,89",2024-01-28 09:42:00,"Frankfurt, Germany (50.1109, 8.6821)",50.93.8.79,5411,"12571,35",DE85863193008687593586,DE11825533331515937882,CARD_PAYMENT
"12513,31",2024-01-28 09:52:00,"Toronto, Canada (43.6532, -79.3832)",13.128.70.90,5994,"113376,35",DE22965687203229836394,DE11825533331515937882,INTERNAL_TRANSFER
"9409,65",2024-01-28 14:39:00,"Nassau, Bahamas (25.0343, -77.3963)",176.251.212.182,6011,"58267,06",DE13702202126332296617,DE44062980262195478104,WIRE_TRANSFER
"1677,75",2024-01-28 15:13:00,"Hong Kong (22.3193, 114.1694)",37.202.205.178,5940,"38364,45",DE85863193008687593586,DE71936767910116526716,CARD_PAYMENT
"11920,54",2024-01-28 15:58:00,"Mumbai, India (19.0760, 72.8777)",73.23.135.23,5950,"24486,58",DE74880371318781446242,DE52211157124795211210,BILL_PAYMENT
"9574,48",2024-01-28 16:46:00,"Hong Kong (22.3193, 114.1694)",16.144.31.70,7802,"105470,34",DE26483789595122698071,DE98769043821442294850,SWIFT
"6794,31",2024-01-28 23:19:00,"Mumbai, India (19.0760, 72.8777)",102.24.121.167,5972,"34845,14",DE29455927236237049902,DE67929625670649276366,BILL_PAYMENT
"10509,5",2024-01-29 00:52:00,"Dubai, UAE (25.2048, 55.2708)",114.52.2.1,7629,"53668,52",DE75426460350321230713,DE41767259461962155099,SWIFT
"14579,52",2024-01-29 08:39:00,"Toronto, Canada (43.6532, -79.3832)",142.113.215.125,7995,"126777,77",DE08726249804207627540,DE52211157124795211210,CARD_PAYMENT
"1383,65",2024-01-29 11:14:00,"Frankfurt, Germany (50.1109, 8.6821)",13.235.23.131,5947,"29115,21",DE90880800985574103868,DE13702202126332296617,ACH
"5644,92",2024-01-29 22:14:00,"Sydney, Australia (-33.8688, 151.2093)",103.94.3.93,7996,"176344,59",DE32698013752166954004,DE29573532540948934521,INTERNAL_TRANSFER
"1046,16",2024-01-30 09:00:00,"New York, USA (40.7128, -74.0060)",224.202.225.122,6530,"160800,63",DE62458731926211764545,DE33105707422805287356,SWIFT
"5597,78",2024-01-30 12:35:00,"Cyprus (35.1264, 33.4299)",133.17.30.39,5964,"147005,62",DE26883187696082691115,DE14846907231557108629,SEPA
"316,18",2024-01-30 16:26:00,"Frankfurt, Germany (50.1109, 8.6821)",101.245.50.116,5912,"30131,91",DE85863193008687593586,DE71757503098830890407,SEPA
"3899,92",2024-01-30 18:28:00,"Hong Kong (22.3193, 114.1694)",12.214.242.82,7011,"22587,35",DE71757503098830890407,DE29455927236237049902,SEPA
"14280,61",2024-01-30 21:57:00,"Toronto, Canada (43.6532, -79.3832)",116.122.203.1,5976,"33887,62",DE41767259461962155099,DE85863193008687593586,CARD_PAYMENT
"13894,16",2024-01-31 01:30:00,"Sao Paulo, Brazil (-23.5505, -46.6333)",126.110.210.228,7012,"30870,5",DE71936767910116526716,DE62458731926211764545,WIRE_TRANSFER
"1280,54",2024-01-31 12:13:00,"Tokyo, Japan (35.6762, 139.6503)",193.43.151.114,5948,"199681,18",DE72900602653954607867,DE64757475159078549044,BILL_PAYMENT
"2163,01",2024-01-31 12:33:00,"Nassau, Bahamas (25.0343, -77.3963)",169.87.92.58,5462,"170189,4",DE71757503098830890407,DE61076526144982519826,BILL_PAYMENT
"3282,4",2024-01-31 12:58:00,"Hong Kong (22.3193, 114.1694)",254.56.148.46,6538,"194852,05",DE98525832950016740395,DE80424971056387621024,SEPA
"330,1",2024-01-31 13:55:00,"Hong Kong (22.3193, 114.1694)",63.14.61.196,5814,"48678,14",DE85863193008687593586,DE34486200442637789135,BILL_PAYMENT
"7201,08",2024-01-31 14:55:00,"Cyprus (35.1264, 33.4299)",188.78.110.17,7519,"108963,69",DE06217435224929418484,DE22452842572396451235,CARD_PAYMENT
"790,61",2024-01-31 15:16:00,"Frankfurt, Germany (50.1109, 8.6821)",135.53.228.90,5812,"16335,32",DE85863193008687593586,DE98769043821442294850,CARD_PAYMENT
"11228,13",2024-01-31 19:07:00,"Nassau, Bahamas (25.0343, -77.3963)",61.216.111.37,7622,"173403,89",DE46848731919879983705,DE33105707422805287356,BILL_PAYMENT
"12827,32",2024-01-31 22:22:00,"Sao Paulo, Brazil (-23.5505, -46.6333)",221.248.149.178,5965,"148033,58",DE37162309896449967341,DE90560471705949841936,WIRE_TRANSFER
"2799,01",2024-02-01 00:54:00,"Toronto, Canada (43.6532, -79.3832)",133.204.198.192,7032,"99476,88",DE32676174774956686104,DE36691670073356693755,SEPA
"6983,42",2024-02-01 04:01:00,"Cyprus (35.1264, 33.4299)",226.104.237.34,7512,"69450,46",DE32676174774956686104,DE60898660982173308541,CARD_PAYMENT
"7067,3",2024-02-01 04:43:00,"Hong Kong (22.3193, 114.1694)",176.201.108.234,5940,"67983,37",DE64757475159078549044,DE85863193008687593586,INTERNAL_TRANSFER
"6956,01",2024-02-01 06:45:00,"Paris, France (48.8566, 2.3522)",221.209.191.165,7995,"186610,74",DE02200265582329718478,DE44572961937397155013,SWIFT
"588,09",2024-02-01 11:09:00,"Paris, France (48.8566, 2.3522)",91.145.233.245,5812,"12235,54",DE85863193008687593586,DE68378313878394495870,BILL_PAYMENT
"3702,28",2024-02-01 12:19:00,"Singapore (1.3521, 103.8198)",34.241.185.197,6530,"180659,67",DE85863193008687593586,DE57477964938936656315,CARD_PAYMENT
"14322,67",2024-02-01 18:47:00,"Sao Paulo, Brazil (-23.5505, -46.6333)",164.55.140.225,5993,"3216,92",DE10228319081121600723,DE43898807398882718828,WIRE_TRANSFER
"5004,75",2024-02-01 20:59:00,"New York, USA (40.7128, -74.0060)",123.78.148.218,5965,"42072,44",DE71724337750016626442,DE71174668074201095952,WIRE_TRANSFER
"14188,51",2024-02-01 22:25:00,"Paris, France (48.8566, 2.3522)",187.36.144.147,7800,"51526,26",DE26989822734242596165,DE03604977575166816091,SEPA
"12808,9",2024-02-01 22:52:00,"Hong Kong (22.3193, 114.1694)",58.198.236.172,7011,"54042,64",DE80602276804025016525,DE05603506140323737820,INTERNAL_TRANSFER
"3290,34",2024-02-02 05:37:00,"New York, USA (40.7128, -74.0060)",57.157.169.220,7641,"172154,68",DE26989822734242596165,DE62458731926211764545,WIRE_TRANSFER
12132,2024-02-02 15:28:00,"Mumbai, India (19.0760, 72.8777)",50.44.12.162,5993,"184462,44",DE72074766470263545473,DE11825533331515937882,CARD_PAYMENT
"458,8",2024-02-02 18:26:00,"Tokyo, Japan (35.6762, 139.6503)",47.165.219.203,5945,"24906,13",DE77164798701236531933,DE71174668074201095952,ACH
"5588,41",2024-02-02 21:27:00,"Sao Paulo, Brazil (-23.5505, -46.6333)",169.83.214.211,5812,"34232,41",DE85863193008687593586,DE13702202126332296617,BILL_PAYMENT
"6499,62",2024-02-03 05:32:00,"Sydney, Australia (-33.8688, 151.2093)",67.59.160.12,7512,"98648,41",DE37006276983513963593,DE13702202126332296617,BILL_PAYMENT
"13709,07",2024-02-03 07:00:00,"Paris, France (48.8566, 2.3522)",154.247.84.13,5940,"7134,92",DE44572961937397155013,DE98525832950016740395,CARD_PAYMENT
"5252,45",2024-02-03 08:01:00,"Mumbai, India (19.0760, 72.8777)",20.227.57.131,5960,"76279,82",DE07065933118466507215,DE12998142403927449957,INTERNAL_TRANSFER
"14777,35",2024-02-03 09:47:00,"New York, USA (40.7128, -74.0060)",200.99.175.77,6529,"173929,04",DE13702202126332296617,DE61076526144982519826,INTERNAL_TRANSFER
"101,41",2024-02-03 15:48:00,"London, UK (51.5074, -0.1278)",23.226.157.94,5912,"18660,78",DE80602276804025016525,DE61076526144982519826,ACH
"1857,86",2024-02-03 16:46:00,"Sydney, Australia (-33.8688, 151.2093)",173.245.242.205,5411,"26667,3",DE80602276804025016525,DE77653619723857283695,SEPA
"429,76",2024-02-03 17:44:00,"Paris, France (48.8566, 2.3522)",66.128.226.248,5912,"39648,52",DE80602276804025016525,DE26483789595122698071,BILL_PAYMENT
"730,39",2024-02-03 22:20:00,"Dubai, UAE (25.2048, 55.2708)",53.151.93.49,5940,"129361,97",DE19958511387882217846,DE98525832950016740395,SEPA
"2018,86",2024-02-03 22:50:00,"Toronto, Canada (43.6532, -79.3832)",177.4.148.4,5947,"66200,63",DE58559534692073767730,DE67929625670649276366,SEPA
"6812,72",2024-02-04 05:47:00,"New York, USA (40.7128, -74.0060)",172.242.124.71,7032,"155513,19",DE51490111373988265135,DE33098599620746915640,CARD_PAYMENT
"2741,56",2024-02-04 06:27:00,"Sydney, Australia (-33.8688, 151.2093)",56.15.107.136,5999,"148928,25",DE05603506140323737820,DE58313678796352621837,SWIFT
"2886,82",2024-02-04 09:41:00,"Frankfurt, Germany (50.1109, 8.6821)",63.158.237.125,7549,"50436,43",DE34486200442637789135,DE32698013752166954004,WIRE_TRANSFER
"1151,33",2024-02-04 14:08:00,"Sao Paulo, Brazil (-23.5505, -46.6333)",187.56.84.14,5950,"173987,08",DE41767259461962155099,DE03604977575166816091,BILL_PAYMENT
"720,58",2024-02-04 16:00:00,"Sydney, Australia (-33.8688, 151.2093)",160.251.96.83,5411,"48637,23",DE80602276804025016525,DE22452842572396451235,ACH
"4825,22",2024-02-04 17:41:00,"Hong Kong (22.3193, 114.1694)",84.87.92.150,7699,"60126,02",DE44572961937397155013,DE82686963457027115959,BILL_PAYMENT
"2462,37",2024-02-04 21:41:00,"Cyprus (35.1264, 33.4299)",166.12.210.204,7513,"132547,36",DE56955705581901562182,DE85863193008687593586,ACH
"8469,12",2024-02-04 23:49:00,"Cyprus (35.1264, 33.4299)",254.138.201.99,6513,"155406,24",DE46848731919879983705,DE10228319081121600723,SWIFT
"5431,81",2024-02-05 02:15:00,"Nassau, Bahamas (25.0343, -77.3963)",169.128.6.32,7629,"143499,8",DE34658912085920893419,DE98769043821442294850,WIRE_TRANSFER
"8593,41",2024-02-05 05:14:00,"Dubai, UAE (25.2048, 55.2708)",201.90.147.141,7513,"49233,21",DE58559534692073767730,DE80602276804025016525,ACH
"6032,95",2024-02-05 06:15:00,"Panama City, Panama (8.9824, -79.5199)",12.251.11.88,5813,"63735,46",DE51490111373988265135,DE68378313878394495870,SWIFT
"1525,95",2024-02-05 08:40:00,"Hong Kong (22.3193, 114.1694)",207.248.124.150,7997,"148902,83",DE90560471705949841936,DE07065933118466507215,SEPA
"1968,47",2024-02-05 09:24:00,"Hong Kong (22.3193, 114.1694)",188.63.46.30,5912,"8838,79",DE80602276804025016525,DE05278047050555135125,SEPA
"1313,2",2024-02-05 11:02:00,"Dubai, UAE (25.2048, 55.2708)",60.36.18.189,5812,"5857,84",DE85863193008687593586,DE44572961937397155013,CARD_PAYMENT
"452,83",2024-02-05 14:20:00,"Tokyo, Japan (35.6762, 139.6503)",117.158.238.121,5812,"11467,48",DE85863193008687593586,DE50923048645848773451,BILL_PAYMENT
"4375,36",2024-02-05 19:02:00,"Nassau, Bahamas (25.0343, -77.3963)",242.81.156.122,5814,"68539,16",DE98525832950016740395,DE22539176725448936679,CARD_PAYMENT
"14746,71",2024-02-05 20:39:00,"Singapore (1.3521, 103.8198)",27.87.128.246,7999,"7677,55",DE85863193008687593586,DE29573532540948934521,INTERNAL_TRANSFER
2768,2024-02-05 21:55:00,"New York, USA (40.7128, -74.0060)",114.112.188.17,6011,"171763,78",DE07065933118466507215,DE90880800985574103868,ACH
8373,2024-02-05 22:09:00,"Panama City, Panama (8.9824, -79.5199)",112.178.91.7,7519,"199446,59",DE32676174774956686104,DE13683629854339459654,INTERNAL_TRANSFER
"6872,74",2024-02-05 23:32:00,"Nassau, Bahamas (25.0343, -77.3963)",95.224.87.144,6011,"162195,95",DE44572961937397155013,DE90560471705949841936,BILL_PAYMENT
"115,25",2024-02-06 09:30:00,"Singapore (1.3521, 103.8198)",192.155.133.16,5912,"30778,7",DE85863193008687593586,DE26989822734242596165,BILL_PAYMENT
"423,65",2024-02-06 09:41:00,"Dubai, UAE (25.2048, 55.2708)",161.91.212.192,5411,"30945,36",DE80602276804025016525,DE19557991819934999805,SEPA
"1858,99",2024-02-06 10:25:00,"Dubai, UAE (25.2048, 55.2708)",158.253.26.81,7692,"12461,49",DE71936767910116526716,DE88295498411142177571,ACH
"11456,96",2024-02-06 11:03:00,"Nassau, Bahamas (25.0343, -77.3963)",10.34.78.239,7512,"162356,79",DE80424971056387621024,DE29681775483909919426,CARD_PAYMENT
"555,83",2024-02-06 15:35:00,"Dubai, UAE (25.2048, 55.2708)",22.114.11.99,5411,"166839,7",DE49836894055884547461,DE77653619723857283695,SWIFT
"3838,71",2024-02-07 02:24:00,"Hong Kong (22.3193, 114.1694)",165.189.205.79,7535,"81329,77",DE80602276804025016525,DE72074766470263545473,CARD_PAYMENT
"5109,31",2024-02-07 05:39:00,"New York, USA (40.7128, -74.0060)",131.225.10.23,5963,"39652,21",DE90880800985574103868,DE17868765643312942108,SEPA
"10467,81",2024-02-07 09:42:00,"London, UK (51.5074, -0.1278)",28.237.213.209,6531,"13735,2",DE30188272914924300529,DE77225941535543165270,BILL_PAYMENT
"1596,46",2024-02-07 17:03:00,"Sydney, Australia (-33.8688, 151.2093)",130.243.187.179,5940,"35308,66",DE85863193008687593586,DE38736535270957763063,ACH
"12814,49",2024-02-07 17:41:00,"Toronto, Canada (43.6532, -79.3832)",23.151.74.138,7999,"88453,67",DE37162309896449967341,DE19557991819934999805,INTERNAL_TRANSFER
"7179,35",2024-02-08 04:20:00,"Cyprus (35.1264, 33.4299)",55.50.88.100,6533,"129243,59",DE74880371318781446242,DE09288082463081273872,BILL_PAYMENT
"2608,56",2024-02-08 07:39:00,"New York, USA (40.7128, -74.0060)",41.178.98.64,5411,"162387,96",DE38530636463083929906,DE98769043821442294850,WIRE_TRANSFER
"4116,84",2024-02-08 16:37:00,"Tokyo, Japan (35.6762, 139.6503)",232.222.220.128,7802,"121687,2",DE06366888337780069974,DE72900602653954607867,ACH
"650,76",2024-02-09 15:53:00,"Paris, France (48.8566, 2.3522)",206.226.147.42,5912,"23638,72",DE85863193008687593586,DE29916768580065674646,CARD_PAYMENT
"1467,4",2024-02-09 17:10:00,"Dubai, UAE (25.2048, 55.2708)",72.106.25.48,5812,"20705,89",DE80602276804025016525,DE87022351267045424956,CARD_PAYMENT
"12370,49",2024-02-09 18:12:00,"Hong Kong (22.3193, 114.1694)",155.126.168.234,6533,"198478,71",DE76101837512445132435,DE61076526144982519826,SWIFT
"12508,41",2024-02-09 19:07:00,"Dubai, UAE (25.2048, 55.2708)",242.132.141.149,5732,"95838,14",DE95220236281353745430,DE26483789595122698071,CARD_PAYMENT
"14266,58",2024-02-09 22:14:00,"Dubai, UAE (25.2048, 55.2708)",191.108.205.159,7523,"9231,55",DE58847528925395882749,DE58559534692073767730,CARD_PAYMENT
"10683,38",2024-02-10 03:14:00,"Paris, France (48.8566, 2.3522)",212.235.215.163,5992,"111332,25",DE13702202126332296617,DE50923048645848773451,SEPA
"10,91",2024-02-10 13:49:00,"Hong Kong (22.3193, 114.1694)",148.9.25.17,5411,"96345,92",DE98525832950016740395,DE13702202126332296617,WIRE_TRANSFER
"508,72",2024-02-10 15:20:00,"Dubai, UAE (25.2048, 55.2708)",2.255.121.183,5940,"46695,4",DE85863193008687593586,DE19560397578096463876,BILL_PAYMENT
"4545,16",2024-02-10 18:15:00,"Sao Paulo, Brazil (-23.5505, -46.6333)",182.107.242.168,5966,"144184,8",DE71724337750016626442,DE98525832950016740395,SEPA
"2905,79",2024-02-11 02:33:00,"Sydney, Australia (-33.8688, 151.2093)",198.141.73.94,5921,"73789,47",DE02200265582329718478,DE34053408088654578486,BILL_PAYMENT
"10457,56",2024-02-11 07:42:00,"Dubai, UAE (25.2048, 55.2708)",181.65.247.216,6529,"18141,52",DE22965687203229836394,DE26989822734242596165,INTERNAL_TRANSFER
"14801,85",2024-02-11 14:25:00,"Toronto, Canada (43.6532, -79.3832)",220.127.39.158,5963,"2967,37",DE85538483994235988126,DE34486200442637789135,WIRE_TRANSFER
"5440,59",2024-02-12 03:08:00,"Paris, France (48.8566, 2.3522)",40.192.23.196,5964,"177744,59",DE29681775483909919426,DE12986712861740028575,CARD_PAYMENT
"2984,61",2024-02-12 11:49:00,"Nassau, Bahamas (25.0343, -77.3963)",41.202.117.75,5960,"19201,78",DE63666125292227339721,DE85863193008687593586,SWIFT
"13328,13",2024-02-12 15:42:00,"Cyprus (35.1264, 33.4299)",91.51.88.66,7519,"173465,87",DE60898660982173308541,DE26483789595122698071,INTERNAL_TRANSFER
"2381,78",2024-02-12 20:04:00,"Sao Paulo, Brazil (-23.5505, -46.6333)",132.44.239.157,7692,"30605,7",DE80602276804025016525,DE49541338466289641717,BILL_PAYMENT
"10657,87",2024-02-13 10:16:00,"Panama City, Panama (8.9824, -79.5199)",74.16.127.16,7629,"46047,2",DE88295498411142177571,DE61076526144982519826,SEPA
"1924,42",2024-02-13 16:29:00,"Toronto, Canada (43.6532, -79.3832)",215.182.79.200,5411,"8531,94",DE80602276804025016525,DE26989822734242596165,SEPA
"9659,17",2024-02-13 20:02:00,"Mumbai, India (19.0760, 72.8777)",135.244.113.133,5950,"46500,94",DE67929625670649276366,DE98769043821442294850,CARD_PAYMENT
"1681,09",2024-02-14 10:51:00,"Sydney, Australia (-33.8688, 151.2093)",149.158.151.194,5968,"29160,8",DE26483789595122698071,DE71936767910116526716,CARD_PAYMENT
"25,38",2024-02-14 17:41:00,"Sao Paulo, Brazil (-23.5505, -46.6333)",46.237.55.252,7692,"42746,38",DE29455927236237049902,DE98525832950016740395,BILL_PAYMENT
"1366,08",2024-02-14 18:47:00,"Sao Paulo, Brazil (-23.5505, -46.6333)",226.29.227.200,7011,"171008,68",DE77164798701236531933,DE48461642607714195028,CARD_PAYMENT
"8449,39",2024-02-14 20:21:00,"London, UK (51.5074, -0.1278)",61.211.76.205,7549,"147727,39",DE58559534692073767730,DE41303789475622403641,CARD_PAYMENT
"7489,31",2024-02-15 06:43:00,"Toronto, Canada (43.6532, -79.3832)",249.215.219.88,5912,"173814,04",DE38736535270957763063,DE90560471705949841936,SEPA
"399,86",2024-02-15 10:41:00,"Toronto, Canada (43.6532, -79.3832)",176.242.254.46,5812,"6940,2",DE85863193008687593586,DE77164798701236531933,BILL_PAYMENT
"6737,89",2024-02-15 12:18:00,"London, UK (51.5074, -0.1278)",14.245.9.168,7523,"27471,71",DE29573532540948934521,DE32676174774956686104,SEPA
"13656,73",2024-02-15 13:22:00,"New York, USA (40.7128, -74.0060)",17.156.58.87,5970,124952,DE33098599620746915640,DE55220896143564281342,WIRE_TRANSFER
"311,47",2024-02-15 16:41:00,"Singapore (1.3521, 103.8198)",28.231.233.212,5411,"16057,47",DE80602276804025016525,DE68378313878394495870,SEPA
"391,77",2024-02-15 17:04:00,"Hong Kong (22.3193, 114.1694)",118.44.41.101,5812,"48048,21",DE85863193008687593586,DE38736535270957763063,ACH
"3081,71",2024-02-15 22:59:00,"Frankfurt, Germany (50.1109, 8.6821)",231.84.52.21,7519,"106882,95",DE60898660982173308541,DE98525832950016740395,ACH
"7017,69",2024-02-16 04:01:00,"Toronto, Canada (43.6532, -79.3832)",153.187.118.220,5968,"56750,37",DE05603506140323737820,DE29573532540948934521,BILL_PAYMENT
"9154,57",2024-02-16 07:00:00,"Frankfurt, Germany (50.1109, 8.6821)",167.229.0.34,5966,"192149,97",DE58847528925395882749,DE60898660982173308541,ACH
"9207,59",2024-02-16 09:31:00,"Sao Paulo, Brazil (-23.5505, -46.6333)",134.183.218.100,8999,"184204,17",DE05278047050555135125,DE38530636463083929906,WIRE_TRANSFER
"9642,31",2024-02-17 02:48:00,"London, UK (51.5074, -0.1278)",93.132.186.108,5992,"164650,54",DE51490111373988265135,DE44572961937397155013,WIRE_TRANSFER
"9529,42",2024-02-17 10:26:00,"Dubai, UAE (25.2048, 55.2708)",53.199.180.49,5948,"3527,44",DE88295498411142177571,DE26989822734242596165,ACH
"14207,7",2024-02-17 17:00:00,"Cyprus (35.1264, 33.4299)",20.135.168.177,5422,"134132,74",DE56955705581901562182,DE12998142403927449957,SEPA
"9071,72",2024-02-17 18:41:00,"Frankfurt, Germany (50.1109, 8.6821)",121.236.107.240,7631,"108249,3",DE98525832950016740395,DE50923048645848773451,INTERNAL_TRANSFER
"9550,55",2024-02-17 21:33:00,"Dubai, UAE (25.2048, 55.2708)",113.250.213.211,5411,"24553,35",DE58559534692073767730,DE41767259461962155099,CARD_PAYMENT
"2848,55",2024-02-18 04:27:00,"Panama City, Panama (8.9824, -79.5199)",47.209.74.8,7631,"8320,89",DE01956184854410948406,DE49836894055884547461,ACH
"4961,29",2024-02-18 17:57:00,"Sydney, Australia (-33.8688, 151.2093)",17.143.194.168,5973,"31897,71",DE10228319081121600723,DE13683629854339459654,INTERNAL_TRANSFER
"14300,58",2024-02-18 22:31:00,"Tokyo, Japan (35.6762, 139.6503)",147.128.9.228,5944,"131295,57",DE71757503098830890407,DE30188272914924300529,WIRE_TRANSFER
"1922,31",2024-02-19 05:22:00,"Nassau, Bahamas (25.0343, -77.3963)",3.79.64.37,5422,"192437,05",DE68378313878394495870,DE60898660982173308541,SEPA
"6815,79",2024-02-19 06:31:00,"London, UK (51.5074, -0.1278)",40.54.66.57,7011,"38866,93",DE29916768580065674646,DE90304741950521462460,ACH
"3628,56",2024-02-19 22:22:00,"London, UK (51.5074, -0.1278)",133.159.204.159,5732,"20901,84",DE05603506140323737820,DE08726249804207627540,SEPA
"2047,79",2024-02-20 04:02:00,"Hong Kong (22.3193, 114.1694)",59.183.98.106,7512,"17424,52",DE26883187696082691115,DE13850611322279370660,WIRE_TRANSFER
"4118,01",2024-02-20 06:53:00,"Toronto, Canada (43.6532, -79.3832)",52.51.135.249,7995,"167630,27",DE82686963457027115959,DE37162309896449967341,SWIFT
"159,55",2024-02-20 13:46:00,"Frankfurt, Germany (50.1109, 8.6821)",120.243.160.8,7629,"161567,84",DE13702202126332296617,DE38530636463083929906,WIRE_TRANSFER
"10498,65",2024-02-20 13:46:00,"Singapore (1.3521, 103.8198)",105.65.173.192,7802,"150434,95",DE34658912085920893419,DE51490111373988265135,BILL_PAYMENT
"3903,03",2024-02-20 18:43:00,"Paris, France (48.8566, 2.3522)",89.13.74.122,5963,"35170,7",DE13850611322279370660,DE64757475159078549044,INTERNAL_TRANSFER
"7577,26",2024-02-20 22:07:00,"Panama City, Panama (8.9824, -79.5199)",206.162.175.163,5422,"25040,3",DE98525832950016740395,DE11825533331515937882,CARD_PAYMENT
"9698,71",2024-02-21 05:38:00,"Tokyo, Japan (35.6762, 139.6503)",246.56.112.30,7519,"85641,72",DE30188272914924300529,DE38736535270957763063,WIRE_TRANSFER
"1470,45",2024-02-21 08:48:00,"London, UK (51.5074, -0.1278)",187.187.229.28,5945,"112295,45",DE90880800985574103868,DE38530636463083929906,CARD_PAYMENT
"2423,36",2024-02-21 08:55:00,"Nassau, Bahamas (25.0343, -77.3963)",225.189.159.51,7519,"162676,95",DE80602276804025016525,DE12998142403927449957,ACH
"376,95",2024-02-21 14:55:00,"Cyprus (35.1264, 33.4299)",36.162.195.254,7534,"160744,05",DE41303789475622403641,DE22965687203229836394,SEPA
"4523,61",2024-02-21 17:32:00,"Sydney, Australia (-33.8688, 151.2093)",64.130.88.13,5441,"40904,64",DE34053408088654578486,DE64757475159078549044,BILL_PAYMENT
"14452,49",2024-02-22 02:30:00,"New York, USA (40.7128, -74.0060)",173.51.126.196,7641,"14080,05",DE45611004522774697669,DE22452842572396451235,WIRE_TRANSFER
"12799,9",2024-02-22 03:29:00,"Cyprus (35.1264, 33.4299)",165.126.153.90,7519,"28629,61",DE64733442149696350245,DE29916768580065674646,SWIFT
"4924,35",2024-02-22 04:55:00,"Frankfurt, Germany (50.1109, 8.6821)",140.133.149.177,7622,"98452,69",DE19560397578096463876,DE43898807398882718828,SWIFT
"11897,54",2024-02-22 11:08:00,"Toronto, Canada (43.6532, -79.3832)",132.72.242.52,5975,"178210,05",DE17868765643312942108,DE71724337750016626442,SWIFT
"8440,91",2024-02-22 13:37:00,"Tokyo, Japan (35.6762, 139.6503)",142.234.157.176,5962,"23741,69",DE22965687203229836394,DE58313678796352621837,WIRE_TRANSFER
"6787,31",2024-02-22 15:58:00,"Toronto, Canada (43.6532, -79.3832)",166.220.168.56,7032,"6044,94",DE49541338466289641717,DE80602276804025016525,SEPA
"14478,76",2024-02-22 19:18:00,"Singapore (1.3521, 103.8198)",46.131.8.138,6531,"137504,63",DE77653619723857283695,DE07065933118466507215,ACH
"10360,73",2024-02-22 19:35:00,"Paris, France (48.8566, 2.3522)",222.16.182.7,6011,"111863,01",DE63666125292227339721,DE33098599620746915640,CARD_PAYMENT
"405,45",2024-02-23 11:45:00,"Frankfurt, Germany (50.1109, 8.6821)",187.226.173.177,5411,"45507,85",DE85863193008687593586,DE62695986758587422675,CARD_PAYMENT
"13779,23",2024-02-23 12:10:00,"Panama City, Panama (8.9824, -79.5199)",229.175.26.247,5813,"94852,92",DE12998142403927449957,DE22965687203229836394,SEPA
"3050,01",2024-02-24 00:35:00,"Sao Paulo, Brazil (-23.5505, -46.6333)",153.196.128.124,6529,"110342,06",DE49541338466289641717,DE41303789475622403641,BILL_PAYMENT
"8783,75",2024-02-24 01:24:00,"Dubai, UAE (25.2048, 55.2708)",34.190.158.146,7629,"146987,29",DE95220236281353745430,DE71174668074201095952,BILL_PAYMENT
"4563,76",2024-02-24 11:42:00,"Dubai, UAE (25.2048, 55.2708)",159.244.21.174,5968,"122782,08",DE98525832950016740395,DE55423440463190800785,WIRE_TRANSFER
1523,2024-02-24 19:51:00,"Nassau, Bahamas (25.0343, -77.3963)",234.36.193.122,5912,"181175,98",DE80602276804025016525,DE45611004522774697669,SEPA
"7302,93",2024-02-25 04:26:00,"Sydney, Australia (-33.8688, 151.2093)",126.202.109.104,5921,"197638,12",DE46848731919879983705,DE80424971056387621024,SWIFT
"10854,21",2024-02-25 11:49:00,"Dubai, UAE (25.2048, 55.2708)",97.120.99.74,5941,"8866,86",DE76101837512445132435,DE12998142403927449957,SEPA
"1183,08",2024-02-25 15:16:00,"Sydney, Australia (-33.8688, 151.2093)",91.73.6.36,5940,"40046,35",DE85863193008687593586,DE71724337750016626442,BILL_PAYMENT
"8152,9",2024-02-25 18:40:00,"New York, USA (40.7128, -74.0060)",4.193.34.187,5422,"106347,6",DE07065933118466507215,DE58559534692073767730,INTERNAL_TRANSFER
"13352,36",2024-02-26 03:40:00,"Sydney, Australia (-33.8688, 151.2093)",178.33.65.16,5975,"71142,7",DE19958511387882217846,DE98769043821442294850,SEPA
"3433,43",2024-02-26 09:04:00,"Sydney, Australia (-33.8688, 151.2093)",204.187.24.42,7011,"28484,69",DE98769043821442294850,DE67929625670649276366,SEPA
"3163,69",2024-02-26 12:00:00,"Cyprus (35.1264, 33.4299)",228.82.224.162,5973,"103321,54",DE13683629854339459654,DE26483789595122698071,BILL_PAYMENT
"1419,97",2024-02-26 15:06:00,"Frankfurt, Germany (50.1109, 8.6821)",81.11.141.236,5940,"30680,07",DE80602276804025016525,DE19560397578096463876,ACH
"4325,82",2024-02-26 23:18:00,"Mumbai, India (19.0760, 72.8777)",244.35.111.207,7631,"125584,13",DE37162309896449967341,DE13702202126332296617,SEPA
"14401,76",2024-02-27 14:29:00,"Paris, France (48.8566, 2.3522)",245.203.205.238,5961,"2857,3",DE08726249804207627540,DE57477964938936656315,WIRE_TRANSFER
"1036,69",2024-02-27 16:32:00,"Frankfurt, Germany (50.1109, 8.6821)",113.60.139.39,5812,"5686,55",DE80602276804025016525,DE44572961937397155013,CARD_PAYMENT
"1789,51",2024-02-27 17:21:00,"Sydney, Australia (-33.8688, 151.2093)",56.154.89.29,5814,"40000,57",DE80602276804025016525,DE43898807398882718828,SEPA
"1003,74",2024-02-28 08:25:00,"Mumbai, India (19.0760, 72.8777)",159.60.125.148,5422,"60355,41",DE55423440463190800785,DE88295498411142177571,WIRE_TRANSFER
"1247,23",2024-02-28 10:28:00,"Tokyo, Japan (35.6762, 139.6503)",246.46.187.137,5814,"25683,77",DE85863193008687593586,DE29573532540948934521,BILL_PAYMENT
"442,27",2024-02-28 15:11:00,"Sydney, Australia (-33.8688, 151.2093)",229.78.90.223,7535,"81909,38",DE77164798701236531933,DE38736535270957763063,INTERNAL_TRANSFER
"1754,93",2024-02-29 03:34:00,"Cyprus (35.1264, 33.4299)",22.243.101.26,7538,"94154,22",DE67929625670649276366,DE08726249804207627540,ACH
"4705,77",2024-02-29 17:11:00,"Dubai, UAE (25.2048, 55.2708)",240.183.239.91,5813,"24376,39",DE11825533331515937882,DE98525832950016740395,SWIFT
"2430,54",2024-02-29 23:50:00,"Sydney, Australia (-33.8688, 151.2093)",24.251.93.27,5813,"80591,6",DE71936767910116526716,DE08726249804207627540,SEPA
"12853,86",2024-03-01 00:29:00,"Tokyo, Japan (35.6762, 139.6503)",239.67.94.93,6051,"165449,53",DE71724337750016626442,DE85863193008687593586,CARD_PAYMENT
"1257,82",2024-03-01 09:38:00,"Paris, France (48.8566, 2.3522)",238.102.201.46,5912,"29328,45",DE85863193008687593586,DE11825533331515937882,ACH
"13460,51",2024-03-01 10:09:00,"Mumbai, India (19.0760, 72.8777)",37.13.217.31,5975,"172007,91",DE77653619723857283695,DE13683629854339459654,ACH
"13698,03",2024-03-01 14:00:00,"Panama City, Panama (8.9824, -79.5199)",242.178.98.132,5813,"124314,69",DE45611004522774697669,DE95220236281353745430,INTERNAL_TRANSFER
"1921,76",2024-03-02 02:07:00,"Toronto, Canada (43.6532, -79.3832)",197.197.180.82,5948,"59009,99",DE02200265582329718478,DE43898807398882718828,ACH
"8532,35",2024-03-02 09:09:00,"Frankfurt, Germany (50.1109, 8.6821)",142.39.23.132,5944,"2759,59",DE14846907231557108629,DE58559534692073767730,INTERNAL_TRANSFER
"12198,86",2024-03-02 14:44:00,"Dubai, UAE (25.2048, 55.2708)",158.184.202.206,6538,"169738,39",DE37162309896449967341,DE85538483994235988126,INTERNAL_TRANSFER
"1836,49",2024-03-03 00:19:00,"Mumbai, India (19.0760, 72.8777)",34.144.174.186,6530,"150063,45",DE77653619723857283695,DE44572961937397155013,SWIFT
"5645,14",2024-03-03 12:26:00,"Frankfurt, Germany (50.1109, 8.6821)",1.186.118.250,5972,127855,DE47435388196874792854,DE62458731926211764545,ACH
"8730,69",2024-03-03 19:31:00,"London, UK (51.5074, -0.1278)",88.220.50.97,5945,"123026,26",DE61076526144982519826,DE80602276804025016525,BILL_PAYMENT
"5714,66",2024-03-03 22:04:00,"Nassau, Bahamas (25.0343, -77.3963)",221.219.96.155,5912,"503,12",DE01956184854410948406,DE17868765643312942108,INTERNAL_TRANSFER
"8156,83",2024-03-04 11:50:00,"Sao Paulo, Brazil (-23.5505, -46.6333)",108.242.17.72,5977,"117156,01",DE05278047050555135125,DE13850611322279370660,WIRE_TRANSFER
"12344,46",2024-03-04 12:34:00,"New York, USA (40.7128, -74.0060)",209.106.229.41,5962,"79496,58",DE77164798701236531933,DE13850611322279370660,ACH
"8441,85",2024-03-04 21:34:00,"Panama City, Panama (8.9824, -79.5199)",100.205.139.53,7629,"52881,23",DE08726249804207627540,DE26483789595122698071,ACH
"10625,37",2024-03-05 03:10:00,"Mumbai, India (19.0760, 72.8777)",196.255.50.40,5921,"67726,9",DE85863193008687593586,DE05603506140323737820,SEPA
"13725,92",2024-03-05 06:35:00,"Tokyo, Japan (35.6762, 139.6503)",139.24.169.86,5993,"140861,5",DE67929625670649276366,DE72900602653954607867,SEPA
"839,79",2024-03-05 07:41:00,"Singapore (1.3521, 103.8198)",199.100.194.175,5973,"199617,95",DE14846907231557108629,DE45611004522774697669,ACH
"12489,24",2024-03-06 05:01:00,"Toronto, Canada (43.6532, -79.3832)",7.189.104.73,5999,"38160,7",DE38530636463083929906,DE09288082463081273872,SWIFT
"6850,18",2024-03-06 10:21:00,"Cyprus (35.1264, 33.4299)",25.175.134.17,7549,"33434,02",DE34658912085920893419,DE85538483994235988126,ACH
"7517,9",2024-03-06 13:47:00,"Tokyo, Japan (35.6762, 139.6503)",194.66.163.202,7549,"184672,26",DE88295498411142177571,DE05603506140323737820,BILL_PAYMENT
"3518,28",2024-03-06 20:28:00,"Dubai, UAE (25.2048, 55.2708)",155.220.123.6,5813,"29135,41",DE29916768580065674646,DE29455927236237049902,SWIFT
"116,64",2024-03-06 23:38:00,"Dubai, UAE (25.2048, 55.2708)",86.164.220.24,5975,"51359,31",DE52211157124795211210,DE44572961937397155013,BILL_PAYMENT
"7523,72",2024-03-07 02:20:00,"London, UK (51.5074, -0.1278)",195.158.76.250,5992,"193632,38",DE06217435224929418484,DE13850611322279370660,ACH
"11860,88",2024-03-07 07:08:00,"Frankfurt, Germany (50.1109, 8.6821)",221.27.96.45,7512,"13375,05",DE80602276804025016525,DE13702202126332296617,BILL_PAYMENT
"1987,36",2024-03-07 11:12:00,"Tokyo, Japan (35.6762, 139.6503)",200.64.19.63,6300,"110554,84",DE71724337750016626442,DE17868765643312942108,ACH
"862,63",2024-03-07 20:16:00,"Panama City, Panama (8.9824, -79.5199)",42.69.54.126,7802,"82163,09",DE49836894055884547461,DE34053408088654578486,SEPA
"2904,09",2024-03-08 04:05:00,"Tokyo, Japan (35.6762, 139.6503)",166.79.28.238,5968,"84629,64",DE88295498411142177571,DE87022351267045424956,SEPA
"14694,91",2024-03-08 06:25:00,"Toronto, Canada (43.6532, -79.3832)",72.137.223.70,7542,"114390,28",DE77653619723857283695,DE85863193008687593586,BILL_PAYMENT
"5986,07",2024-03-08 10:36:00,"Singapore (1.3521, 103.8198)",39.123.159.218,7512,"81617,43",DE26483789595122698071,DE85863193008687593586,ACH
"11141,39",2024-03-08 19:23:00,"Paris, France (48.8566, 2.3522)",31.21.97.50,5965,"148168,97",DE52211157124795211210,DE43898807398882718828,SEPA
"13803,38",2024-03-08 23:40:00,"Cyprus (35.1264, 33.4299)",223.27.169.219,6529,"94615,34",DE80602276804025016525,DE19958511387882217846,SEPA
"2406,35",2024-03-09 00:58:00,"Mumbai, India (19.0760, 72.8777)",52.131.171.51,7534,"189364,34",DE49836894055884547461,DE64757475159078549044,SEPA
"2757,26",2024-03-09 05:10:00,"Singapore (1.3521, 103.8198)",116.1.200.217,5999,"172832,47",DE37162309896449967341,DE76101837512445132435,BILL_PAYMENT
"4358,57",2024-03-09 10:16:00,"Panama City, Panama (8.9824, -79.5199)",11.17.72.6,7801,"117769,99",DE71936767910116526716,DE30188272914924300529,WIRE_TRANSFER
"6961,61",2024-03-09 11:21:00,"Hong Kong (22.3193, 114.1694)",250.240.85.181,5971,"27140,53",DE02200265582329718478,DE67929625670649276366,ACH
"2278,57",2024-03-09 22:32:00,"Paris, France (48.8566, 2.3522)",253.227.34.109,7534,"29014,45",DE11825533331515937882,DE13702202126332296617,WIRE_TRANSFER
"3609,13",2024-03-09 23:31:00,"Toronto, Canada (43.6532, -79.3832)",80.43.194.68,7512,"80335,19",DE44572961937397155013,DE98525832950016740395,INTERNAL_TRANSFER
"12645,66",2024-03-10 07:31:00,"Mumbai, India (19.0760, 72.8777)",196.176.92.192,7995,"145846,76",DE77164798701236531933,DE02200265582329718478,BILL_PAYMENT
"9814,82",2024-03-10 08:00:00,"Nassau, Bahamas (25.0343, -77.3963)",254.76.203.59,5948,"30822,88",DE98081467947140449034,DE60898660982173308541,CARD_PAYMENT
"6757,23",2024-03-10 10:51:00,"Panama City, Panama (8.9824, -79.5199)",219.192.226.118,6529,"19560,27",DE22452842572396451235,DE98769043821442294850,CARD_PAYMENT
"14597,48",2024-03-10 12:11:00,"Dubai, UAE (25.2048, 55.2708)",49.79.80.52,5947,"93471,07",DE33098599620746915640,DE55220896143564281342,SEPA
"5297,61",2024-03-10 17:39:00,"Mumbai, India (19.0760, 72.8777)",17.164.252.155,7542,"128750,72",DE22965687203229836394,DE37006276983513963593,BILL_PAYMENT
"908,59",2024-03-10 18:16:00,"Paris, France (48.8566, 2.3522)",96.132.181.32,7519,"43035,4",DE14846907231557108629,DE12986712861740028575,WIRE_TRANSFER
"5910,83",2024-03-10 21:04:00,"Dubai, UAE (25.2048, 55.2708)",201.100.236.23,7998,"32973,11",DE85863193008687593586,DE12986712861740028575,BILL_PAYMENT
"10777,52",2024-03-10 23:05:00,"Sao Paulo, Brazil (-23.5505, -46.6333)",159.200.187.64,5983,"125705,57",DE14720138926395919192,DE34053408088654578486,INTERNAL_TRANSFER
"10998,89",2024-03-11 13:15:00,"Paris, France (48.8566, 2.3522)",179.217.190.14,5976,"183838,13",DE29455927236237049902,DE80424971056387621024,SWIFT
"8829,4",2024-03-11 14:19:00,"Cyprus (35.1264, 33.4299)",251.160.25.29,7692,"60296,44",DE38833058879675121705,DE43898807398882718828,ACH
"9659,02",2024-03-11 14:33:00,"London, UK (51.5074, -0.1278)",243.118.171.179,6051,"182280,98",DE55220896143564281342,DE68378313878394495870,ACH
"11698,23",2024-03-11 23:12:00,"Mumbai, India (19.0760, 72.8777)",106.113.212.216,5968,"91809,68",DE26483789595122698071,DE58559534692073767730,SWIFT
"8516,35",2024-03-12 06:27:00,"Dubai, UAE (25.2048, 55.2708)",160.207.81.100,5964,"76090,07",DE06366888337780069974,DE72900602653954607867,CARD_PAYMENT
"13183,51",2024-03-12 22:54:00,"Frankfurt, Germany (50.1109, 8.6821)",129.149.71.82,6529,"73016,44",DE17868765643312942108,DE37162309896449967341,SWIFT
11297,2024-03-13 02:07:00,"Tokyo, Japan (35.6762, 139.6503)",161.77.120.36,7033,"16588,14",DE80602276804025016525,DE80602276804025016525,WIRE_TRANSFER
"11030,96",2024-03-13 03:22:00,"Dubai, UAE (25.2048, 55.2708)",114.193.83.152,5962,"130145,16",DE09288082463081273872,DE72900602653954607867,SEPA
"10338,07",2024-03-13 07:03:00,"Nassau, Bahamas (25.0343, -77.3963)",154.208.2.69,5977,"104543,77",DE71724337750016626442,DE34658912085920893419,SWIFT
"12294,7",2024-03-13 19:26:00,"Sydney, Australia (-33.8688, 151.2093)",113.97.1.95,5975,"176508,62",DE22965687203229836394,DE26883187696082691115,SWIFT
"5865,64",2024-03-13 20:51:00,"Toronto, Canada (43.6532, -79.3832)",137.197.96.122,7519,"31840,37",DE19560397578096463876,DE72900602653954607867,SWIFT
"12766,22",2024-03-14 00:25:00,"Mumbai, India (19.0760, 72.8777)",105.107.60.163,7534,"51216,86",DE98081467947140449034,DE85863193008687593586,INTERNAL_TRANSFER
"11977,66",2024-03-14 03:16:00,"Sao Paulo, Brazil (-23.5505, -46.6333)",133.142.150.36,5960,"182730,83",DE26883187696082691115,DE09288082463081273872,SEPA
"13523,75",2024-03-14 08:50:00,"Dubai, UAE (25.2048, 55.2708)",147.52.174.104,7531,"154623,35",DE22539176725448936679,DE09288082463081273872,CARD_PAYMENT
"14091,48",2024-03-14 13:15:00,"Hong Kong (22.3193, 114.1694)",100.88.206.232,6529,"154101,28",DE09288082463081273872,DE58313678796352621837,INTERNAL_TRANSFER
"7663,07",2024-03-14 14:12:00,"Tokyo, Japan (35.6762, 139.6503)",8.113.99.32,7538,"10095,51",DE95220236281353745430,DE46848731919879983705,SWIFT
"8106,79",2024-03-14 15:20:00,"Frankfurt, Germany (50.1109, 8.6821)",165.167.196.77,5921,"94824,23",DE38530636463083929906,DE98769043821442294850,CARD_PAYMENT
"3457,99",2024-03-14 17:59:00,"Paris, France (48.8566, 2.3522)",228.1.8.17,5965,"63040,88",DE80424971056387621024,DE80602276804025016525,SEPA
"5216,27",2024-03-15 03:37:00,"Singapore (1.3521, 103.8198)",20.154.153.111,7998,"40791,25",DE38833058879675121705,DE17868765643312942108,SEPA
"4486,47",2024-03-15 05:40:00,"Frankfurt, Germany (50.1109, 8.6821)",12.13.110.238,5960,"71583,86",DE32676174774956686104,DE41767259461962155099,WIRE_TRANSFER
"7348,5",2024-03-15 08:32:00,"Toronto, Canada (43.6532, -79.3832)",28.243.223.100,6530,"40707,93",DE58847528925395882749,DE22965687203229836394,SWIFT
"923,2",2024-03-15 13:37:00,"Hong Kong (22.3193, 114.1694)",255.161.246.149,7538,"184838,34",DE41303789475622403641,DE29681775483909919426,INTERNAL_TRANSFER
"4801,84",2024-03-15 17:22:00,"London, UK (51.5074, -0.1278)",239.46.87.207,5812,"80792,42",DE48461642607714195028,DE98525832950016740395,INTERNAL_TRANSFER
"10871,97",2024-03-15 19:46:00,"Hong Kong (22.3193, 114.1694)",240.249.118.183,5961,"124406,29",DE98769043821442294850,DE85538483994235988126,CARD_PAYMENT
"1768,21",2024-03-15 21:09:00,"Paris, France (48.8566, 2.3522)",80.52.241.60,5983,"168480,77",DE19557991819934999805,DE82686963457027115959,INTERNAL_TRANSFER
"114,68",2024-03-16 09:38:00,"Dubai, UAE (25.2048, 55.2708)",228.128.144.194,7513,"64941,12",DE49836894055884547461,DE13683629854339459654,BILL_PAYMENT
"11276,44",2024-03-16 10:53:00,"Mumbai, India (19.0760, 72.8777)",235.93.1.95,7995,"3107,37",DE98769043821442294850,DE80602276804025016525,BILL_PAYMENT
"5696,82",2024-03-16 16:05:00,"Frankfurt, Germany (50.1109, 8.6821)",113.90.143.242,5941,"41447,94",DE29916768580065674646,DE19557991819934999805,BILL_PAYMENT
"274,74",2024-03-16 20:40:00,"Frankfurt, Germany (50.1109, 8.6821)",52.46.26.98,6300,"148612,11",DE48461642607714195028,DE77225941535543165270,SWIFT
"1657,55",2024-03-16 23:24:00,"Tokyo, Japan (35.6762, 139.6503)",163.183.70.146,5975,"157134,36",DE50923048645848773451,DE37006276983513963593,BILL_PAYMENT
"8063,66",2024-03-17 07:59:00,"Panama City, Panama (8.9824, -79.5199)",34.36.11.167,6531,"92154,86",DE76101837512445132435,DE51490111373988265135,BILL_PAYMENT
"8640,62",2024-03-17 10:37:00,"Dubai, UAE (25.2048, 55.2708)",2.236.145.34,5965,"144849,17",DE22452842572396451235,DE77164798701236531933,BILL_PAYMENT
"11878,78",2024-03-17 14:47:00,"Cyprus (35.1264, 33.4299)",107.147.12.59,5992,"115326,72",DE77225941535543165270,DE29681775483909919426,INTERNAL_TRANSFER
"13058,16",2024-03-18 02:09:00,"Toronto, Canada (43.6532, -79.3832)",141.44.255.25,7999,"11506,03",DE30188272914924300529,DE80602276804025016525,BILL_PAYMENT
"10581,78",2024-03-18 12:30:00,"Mumbai, India (19.0760, 72.8777)",209.182.112.114,5921,"12038,04",DE80602276804025016525,DE98525832950016740395,BILL_PAYMENT
"12868,37",2024-03-18 18:36:00,"Singapore (1.3521, 103.8198)",92.241.123.137,7622,"149308,91",DE22965687203229836394,DE33098599620746915640,BILL_PAYMENT
"8512,62",2024-03-19 03:27:00,"Singapore (1.3521, 103.8198)",103.32.240.194,7699,"79225,93",DE09288082463081273872,DE77225941535543165270,SWIFT
"10955,54",2024-03-19 09:06:00,"Mumbai, India (19.0760, 72.8777)",143.243.77.191,6011,"155908,62",DE87022351267045424956,DE38530636463083929906,ACH
"2774,56",2024-03-19 12:31:00,"New York, USA (40.7128, -74.0060)",111.26.156.9,5422,"56211,96",DE55423440463190800785,DE22539176725448936679,INTERNAL_TRANSFER
"9629,91",2024-03-19 19:22:00,"Nassau, Bahamas (25.0343, -77.3963)",54.28.40.242,5942,"166356,24",DE33098599620746915640,DE29455927236237049902,SEPA
"9977,47",2024-03-19 23:23:00,"Panama City, Panama (8.9824, -79.5199)",135.79.142.207,5813,"87181,12",DE41767259461962155099,DE36691670073356693755,BILL_PAYMENT
"1596,43",2024-03-20 02:09:00,"Toronto, Canada (43.6532, -79.3832)",32.28.71.52,5971,"32568,47",DE76101837512445132435,DE46848731919879983705,INTERNAL_TRANSFER
"7701,75",2024-03-20 14:11:00,"Paris, France (48.8566, 2.3522)",167.183.159.150,5970,"183998,72",DE80602276804025016525,DE13702202126332296617,INTERNAL_TRANSFER
"8656,3",2024-03-20 18:58:00,"Dubai, UAE (25.2048, 55.2708)",127.19.162.175,5948,"136736,77",DE90845404873875030990,DE48461642607714195028,INTERNAL_TRANSFER
"6455,65",2024-03-20 20:31:00,"London, UK (51.5074, -0.1278)",243.206.236.137,6529,"65830,25",DE80602276804025016525,DE80602276804025016525,ACH
"4408,73",2024-03-21 08:22:00,"Dubai, UAE (25.2048, 55.2708)",235.118.216.186,5971,"45405,17",DE41767259461962155099,DE17868765643312942108,CARD_PAYMENT
"6042,87",2024-03-21 11:01:00,"Singapore (1.3521, 103.8198)",43.97.247.199,5945,"125026,81",DE26483789595122698071,DE90304741950521462460,WIRE_TRANSFER
"10952,35",2024-03-21 16:12:00,"Panama City, Panama (8.9824, -79.5199)",57.143.138.5,5947,"190843,23",DE32676174774956686104,DE77653619723857283695,CARD_PAYMENT
"14906,4",2024-03-21 21:53:00,"Frankfurt, Germany (50.1109, 8.6821)",112.177.147.54,7995,"91343,49",DE98525832950016740395,DE68378313878394495870,SWIFT
"1724,56",2024-03-21 22:25:00,"New York, USA (40.7128, -74.0060)",41.250.34.47,7535,"153381,36",DE34053408088654578486,DE85863193008687593586,ACH
"2915,9",2024-03-21 23:16:00,"Panama City, Panama (8.9824, -79.5199)",184.96.32.103,6532,"157752,94",DE36691670073356693755,DE30188272914924300529,INTERNAL_TRANSFER
"6265,57",2024-03-22 05:15:00,"Toronto, Canada (43.6532, -79.3832)",144.43.74.198,6010,"181452,8",DE30188272914924300529,DE11825533331515937882,SWIFT
"6663,36",2024-03-22 05:29:00,"Cyprus (35.1264, 33.4299)",213.5.99.115,5993,"25047,21",DE29916768580065674646,DE90880800985574103868,SEPA
"4510,07",2024-03-22 10:15:00,"Tokyo, Japan (35.6762, 139.6503)",247.70.132.209,7629,"187048,34",DE90880800985574103868,DE38736535270957763063,BILL_PAYMENT
"4298,14",2024-03-22 16:46:00,"Tokyo, Japan (35.6762, 139.6503)",39.159.98.6,5948,"8344,7",DE64757475159078549044,DE30188272914924300529,WIRE_TRANSFER
"9014,18",2024-03-22 23:31:00,"London, UK (51.5074, -0.1278)",165.175.193.234,7622,"170487,17",DE46848731919879983705,DE19560397578096463876,CARD_PAYMENT
"7886,25",2024-03-23 15:24:00,"Sydney, Australia (-33.8688, 151.2093)",34.165.178.150,7692,111338,DE47435388196874792854,DE12986712861740028575,ACH
"10821,43",2024-03-23 15:24:00,"Paris, France (48.8566, 2.3522)",134.130.50.70,7997,"80450,54",DE36691670073356693755,DE87022351267045424956,BILL_PAYMENT
"98,31",2024-03-23 16:52:00,"Cyprus (35.1264, 33.4299)",118.168.152.91,6011,"180209,46",DE22965687203229836394,DE85538483994235988126,ACH
"9014,8",2024-03-23 20:44:00,"Sydney, Australia (-33.8688, 151.2093)",221.93.135.13,7512,"193205,45",DE41767259461962155099,DE44572961937397155013,WIRE_TRANSFER
"10205,8",2024-03-23 21:41:00,"New York, USA (40.7128, -74.0060)",120.253.185.133,5912,"155172,32",DE82686963457027115959,DE71724337750016626442,SWIFT
"5845,04",2024-03-23 22:13:00,"Sydney, Australia (-33.8688, 151.2093)",252.216.57.22,5950,"18943,44",DE11825533331515937882,DE13702202126332296617,BILL_PAYMENT
"10421,46",2024-03-24 00:51:00,"Cyprus (35.1264, 33.4299)",128.8.49.59,5992,"106256,34",DE90560471705949841936,DE98081467947140449034,WIRE_TRANSFER
"6032,83",2024-03-24 03:32:00,"Nassau, Bahamas (25.0343, -77.3963)",184.18.60.13,5968,"20119,99",DE80602276804025016525,DE85538483994235988126,CARD_PAYMENT
"2610,45",2024-03-24 04:54:00,"Toronto, Canada (43.6532, -79.3832)",152.167.144.51,5977,"57663,6",DE67929625670649276366,DE33105707422805287356,SEPA
"7343,38",2024-03-24 12:17:00,"Mumbai, India (19.0760, 72.8777)",172.115.11.151,7631,"89501,85",DE64757475159078549044,DE80602276804025016525,CARD_PAYMENT
"11223,56",2024-03-24 15:59:00,"Toronto, Canada (43.6532, -79.3832)",175.251.128.89,5948,"144689,21",DE49836894055884547461,DE55423440463190800785,ACH
"9962,91",2024-03-25 02:14:00,"Nassau, Bahamas (25.0343, -77.3963)",59.242.187.99,5961,"133366,04",DE60898660982173308541,DE90304741950521462460,WIRE_TRANSFER
"7144,55",2024-03-25 04:57:00,"Panama City, Panama (8.9824, -79.5199)",240.79.211.162,5411,"84654,17",DE43898807398882718828,DE72074766470263545473,SWIFT
"8707,37",2024-03-25 11:46:00,"Hong Kong (22.3193, 114.1694)",96.239.177.197,5732,"103961,81",DE82686963457027115959,DE98081467947140449034,SWIFT
"8609,05",2024-03-25 14:42:00,"London, UK (51.5074, -0.1278)",78.194.102.232,5422,"147327,05",DE98769043821442294850,DE98525832950016740395,CARD_PAYMENT
"2943,22",2024-03-25 20:02:00,"Mumbai, India (19.0760, 72.8777)",121.77.248.209,5992,"83976,85",DE33098599620746915640,DE22965687203229836394,SEPA
"6188,04",2024-03-26 00:13:00,"Toronto, Canada (43.6532, -79.3832)",8.233.129.92,5976,"171209,6",DE77653619723857283695,DE14720138926395919192,SEPA
"10229,23",2024-03-26 06:30:00,"Mumbai, India (19.0760, 72.8777)",33.166.204.129,7995,"36319,53",DE80424971056387621024,DE36691670073356693755,BILL_PAYMENT
"13976,8",2024-03-26 08:26:00,"Frankfurt, Germany (50.1109, 8.6821)",80.35.39.252,7622,"38914,67",DE52211157124795211210,DE10228319081121600723,BILL_PAYMENT
"2698,05",2024-03-27 01:55:00,"Dubai, UAE (25.2048, 55.2708)",242.118.163.180,5967,"46112,63",DE26483789595122698071,DE75426460350321230713,SWIFT
"1278,26",2024-03-27 11:21:00,"Hong Kong (22.3193, 114.1694)",97.157.210.203,6531,"145717,36",DE06366888337780069974,DE02200265582329718478,BILL_PAYMENT
"7434,62",2024-03-27 16:47:00,"Sao Paulo, Brazil (-23.5505, -46.6333)",58.79.154.161,7623,"40150,17",DE85863193008687593586,DE06217435224929418484,SEPA
"218,36",2024-03-27 16:59:00,"Sao Paulo, Brazil (-23.5505, -46.6333)",49.3.217.180,6531,"43570,89",DE22965687203229836394,DE19557991819934999805,CARD_PAYMENT
"6088,02",2024-03-27 18:24:00,"New York, USA (40.7128, -74.0060)",186.43.105.98,7999,"12096,87",DE90304741950521462460,DE13850611322279370660,WIRE_TRANSFER
"6098,11",2024-03-28 03:46:00,"Toronto, Canada (43.6532, -79.3832)",34.7.16.136,5960,"191369,2",DE55423440463190800785,DE71936767910116526716,SEPA
"8417,55",2024-03-28 04:51:00,"Dubai, UAE (25.2048, 55.2708)",88.83.204.62,7692,"54532,63",DE14720138926395919192,DE77225941535543165270,BILL_PAYMENT
"5570,53",2024-03-28 12:03:00,"Mumbai, India (19.0760, 72.8777)",60.161.137.179,7032,"140866,48",DE71936767910116526716,DE60898660982173308541,BILL_PAYMENT
"4387,63",2024-03-29 04:09:00,"Frankfurt, Germany (50.1109, 8.6821)",40.177.78.184,7631,"64859,38",DE90304741950521462460,DE80602276804025016525,WIRE_TRANSFER
"13619,97",2024-03-29 12:21:00,"Sydney, Australia (-33.8688, 151.2093)",235.1.109.101,7542,"107267,4",DE30188272914924300529,DE49836894055884547461,INTERNAL_TRANSFER
"7243,54",2024-03-29 13:46:00,"Dubai, UAE (25.2048, 55.2708)",103.153.20.249,5967,"87366,12",DE33098599620746915640,DE64757475159078549044,INTERNAL_TRANSFER
"2792,27",2024-03-29 15:54:00,"Sydney, Australia (-33.8688, 151.2093)",7.184.221.126,5972,"137233,5",DE43898807398882718828,DE33098599620746915640,WIRE_TRANSFER
"620,65",2024-03-29 17:19:00,"Cyprus (35.1264, 33.4299)",236.215.47.169,5965,"98581,3",DE14846907231557108629,DE22965687203229836394,ACH
"7538,03",2024-03-29 17:52:00,"Paris, France (48.8566, 2.3522)",133.255.169.4,5921,"28437,8",DE06366888337780069974,DE32676174774956686104,SWIFT
"11904,3",2024-03-29 23:05:00,"Mumbai, India (19.0760, 72.8777)",242.252.155.61,5942,"164739,68",DE73891036937066178619,DE95220236281353745430,WIRE_TRANSFER
"4324,15",2024-03-30 01:45:00,"Toronto, Canada (43.6532, -79.3832)",189.65.64.138,5947,"26814,54",DE06217435224929418484,DE85538483994235988126,INTERNAL_TRANSFER
"13961,91",2024-03-30 09:22:00,"Nassau, Bahamas (25.0343, -77.3963)",221.153.5.56,5970,"46401,6",DE09288082463081273872,DE76101837512445132435,CARD_PAYMENT
"7278,31",2024-03-30 15:21:00,"Hong Kong (22.3193, 114.1694)",223.106.2.209,7512,"153128,59",DE13702202126332296617,DE58847528925395882749,ACH
"9822,96",2024-03-30 17:25:00,"London, UK (51.5074, -0.1278)",148.70.226.179,5940,"155568,39",DE98525832950016740395,DE56955705581901562182,BILL_PAYMENT
"4315,17",2024-03-31 03:45:00,"Paris, France (48.8566, 2.3522)",136.250.202.141,8999,"158772,73",DE95220236281353745430,DE26883187696082691115,SEPA
"10769,34",2024-03-31 04:26:00,"New York, USA (40.7128, -74.0060)",172.133.239.233,7542,"28483,21",DE80602276804025016525,DE13702202126332296617,SEPA
"5064,87",2024-03-31 08:04:00,"Mumbai, India (19.0760, 72.8777)",227.160.246.190,7513,"26361,58",DE80602276804025016525,DE45611004522774697669,SEPA
"6976,8",2024-03-31 18:16:00,"Paris, France (48.8566, 2.3522)",11.62.250.118,5912,"65385,04",DE50923048645848773451,DE76101837512445132435,WIRE_TRANSFER
"14232,36",2024-03-31 21:26:00,"London, UK (51.5074, -0.1278)",163.104.171.138,7802,"125376,57",DE80602276804025016525,DE62458731926211764545,INTERNAL_TRANSFER